{"status":"OK","result":[{"id":84746303,"contestId":1370,"creationTimeSeconds":1592919248,"relativeTimeSeconds":2147483647,"problem":{"contestId":1370,"index":"A","name":"Maximum GCD","type":"PROGRAMMING","points":500,"rating":800,"tags":["greedy","implementation","math","number theory"]},"author":{"contestId":1370,"members":[{"handle":"eric"}],"participantType":"PRACTICE","ghost":false,"startTimeSeconds":1592663700},"programmingLanguage":"C++14 (GCC 6-32)","verdict":"WRONG_ANSWER","testset":"TESTS","passedTestCount":1,"timeConsumedMillis":15,"memoryConsumedBytes":3686400},{"id":84746170,"contestId":1370,"creationTimeSeconds":1592919145,"relativeTimeSeconds":2147483647,"problem":{"contestId":1370,"index":"A","name":"Maximum GCD","type":"PROGRAMMING","points":500,"rating":800,"tags":["greedy","implementation","math","number theory"]},"author":{"contestId":1370,"members":[{"handle":"eric"}],"participantType":"PRACTICE","ghost":false,"startTimeSeconds":1592663700},"programmingLanguage":"C++14 (GCC 6-32)","verdict":"WRONG_ANSWER","testset":"TESTS","passedTestCount":0,"timeConsumedMillis":15,"memoryConsumedBytes":3993600},{"id":41366133,"contestId":1017,"creationTimeSeconds":1533744449,"relativeTimeSeconds":7349,"problem":{"contestId":1017,"index":"D","name":"The Wu","type":"PROGRAMMING","points":1500,"rating":1900,"tags":["bitmasks","brute force","data structures"]},"author":{"contestId":1017,"members":[{"handle":"eric"}],"participantType":"CONTESTANT","ghost":false,"room":153,"startTimeSeconds":1533737100},"programmingLanguage":"C++14 (GCC 6-32)","verdict":"TIME_LIMIT_EXCEEDED","testset":"PRETESTS","passedTestCount":3,"timeConsumedMillis":2000,"memoryConsumedBytes":204800},{"id":41365879,"contestId":1017,"creationTimeSeconds":1533744327,"relativeTimeSeconds":7227,"problem":{"contestId":1017,"index":"D","name":"The Wu","type":"PROGRAMMING","points":1500,"rating":1900,"tags":["bitmasks","brute force","data structures"]},"author":{"contestId":1017,"members":[{"handle":"eric"}],"participantType":"CONTESTANT","ghost":false,"room":153,"startTimeSeconds":1533737100},"programmingLanguage":"C++14 (GCC 6-32)","verdict":"TIME_LIMIT_EXCEEDED","testset":"PRETESTS","passedTestCount":3,"timeConsumedMillis":2000,"memoryConsumedBytes":204800},{"id":41362744,"contestId":1017,"creationTimeSeconds":1533743104,"relativeTimeSeconds":6004,"problem":{"contestId":1017,"index":"C","name":"The Phone Number","type":"PROGRAMMING","points":1500,"rating":1600,"tags":["constructive algorithms","greedy"]},"author":{"contestId":1017,"members":[{"handle":"eric"}],"participantType":"CONTESTANT","ghost":false,"room":153,"startTimeSeconds":1533737100},"programmingLanguage":"C++14 (GCC 6-32)","verdict":"OK","testset":"TESTS","passedTestCount":36,"timeConsumedMillis":46,"memoryConsumedBytes":0},{"id":41351507,"contestId":1017,"creationTimeSeconds":1533741039,"relativeTimeSeconds":3939,"problem":{"contestId":1017,"index":"C","name":"The Phone Number","type":"PROGRAMMING","points":1500,"rating":1600,"tags":["constructive algorithms","greedy"]},"author":{"contestId":1017,"members":[{"handle":"eric"}],"participantType":"CONTESTANT","ghost":false,"room":153,"startTimeSeconds":1533737100},"programmingLanguage":"C++14 (GCC 6-32)","verdict":"WRONG_ANSWER","testset":"PRETESTS","passedTestCount":8,"timeConsumedMillis":30,"memoryConsumedBytes":0},{"id":41346678,"contestId":1017,"creationTimeSeconds":1533738183,"relativeTimeSeconds":1083,"problem":{"contestId":1017,"index":"B","name":"The Bits","type":"PROGRAMMING","points":1000,"rating":1200,"tags":["implementation","math"]},"author":{"contestId":1017,"members":[{"handle":"eric"}],"participantType":"CONTESTANT","ghost":false,"room":153,"startTimeSeconds":1533737100},"programmingLanguage":"C++14 (GCC 6-32)","verdict":"OK","testset":"TESTS","passedTestCount":23,"timeConsumedMillis":46,"memoryConsumedBytes":409600},{"id":41339854,"contestId":1017,"creationTimeSeconds":1533737336,"relativeTimeSeconds":236,"problem":{"contestId":1017,"index":"A","name":"The Rank","type":"PROGRAMMING","points":500,"rating":800,"tags":["implementation"]},"author":{"contestId":1017,"members":[{"handle":"eric"}],"participantType":"CONTESTANT","ghost":false,"room":153,"startTimeSeconds":1533737100},"programmingLanguage":"C++14 (GCC 6-32)","verdict":"OK","testset":"TESTS","passedTestCount":17,"timeConsumedMillis":31,"memoryConsumedBytes":102400},{"id":40803272,"contestId":1011,"creationTimeSeconds":1532622367,"relativeTimeSeconds":4867,"problem":{"contestId":1011,"index":"D","name":"Rocket","type":"PROGRAMMING","points":1500,"rating":1800,"tags":["binary search","interactive"]},"author":{"contestId":1011,"members":[{"handle":"eric"}],"participantType":"CONTESTANT","ghost":false,"room":64,"startTimeSeconds":1532617500},"programmingLanguage":"C++14 (GCC 6-32)","verdict":"OK","testset":"TESTS","passedTestCount":134,"timeConsumedMillis":46,"memoryConsumedBytes":0},{"id":40803006,"contestId":1011,"creationTimeSeconds":1532622289,"relativeTimeSeconds":4789,"problem":{"contestId":1011,"index":"D","name":"Rocket","type":"PROGRAMMING","points":1500,"rating":1800,"tags":["binary search","interactive"]},"author":{"contestId":1011,"members":[{"handle":"eric"}],"participantType":"CONTESTANT","ghost":false,"room":64,"startTimeSeconds":1532617500},"programmingLanguage":"C++14 (GCC 6-32)","verdict":"WRONG_ANSWER","testset":"PRETESTS","passedTestCount":0,"timeConsumedMillis":15,"memoryConsumedBytes":0},{"id":40802923,"contestId":1011,"creationTimeSeconds":1532622267,"relativeTimeSeconds":4767,"problem":{"contestId":1011,"index":"D","name":"Rocket","type":"PROGRAMMING","points":1500,"rating":1800,"tags":["binary search","interactive"]},"author":{"contestId":1011,"members":[{"handle":"eric"}],"participantType":"CONTESTANT","ghost":false,"room":64,"startTimeSeconds":1532617500},"programmingLanguage":"C++14 (GCC 6-32)","verdict":"COMPILATION_ERROR","testset":"PRETESTS","passedTestCount":0,"timeConsumedMillis":0,"memoryConsumedBytes":0},{"id":40796786,"contestId":1011,"creationTimeSeconds":1532620571,"relativeTimeSeconds":3071,"problem":{"contestId":1011,"index":"C","name":"Fly","type":"PROGRAMMING","points":1250,"rating":1500,"tags":["binary search","greedy","math"]},"author":{"contestId":1011,"members":[{"handle":"eric"}],"participantType":"CONTESTANT","ghost":false,"room":64,"startTimeSeconds":1532617500},"programmingLanguage":"C++14 (GCC 6-32)","verdict":"WRONG_ANSWER","testset":"TESTS","passedTestCount":57,"timeConsumedMillis":31,"memoryConsumedBytes":0},{"id":40788714,"contestId":1011,"creationTimeSeconds":1532618776,"relativeTimeSeconds":1276,"problem":{"contestId":1011,"index":"B","name":"Planning The Expedition","type":"PROGRAMMING","points":1000,"rating":1200,"tags":["binary search","brute force","implementation"]},"author":{"contestId":1011,"members":[{"handle":"eric"}],"participantType":"CONTESTANT","ghost":false,"room":64,"startTimeSeconds":1532617500},"programmingLanguage":"C++14 (GCC 6-32)","verdict":"OK","testset":"TESTS","passedTestCount":31,"timeConsumedMillis":30,"memoryConsumedBytes":0},{"id":40785190,"contestId":1011,"creationTimeSeconds":1532618169,"relativeTimeSeconds":669,"problem":{"contestId":1011,"index":"A","name":"Stages","type":"PROGRAMMING","points":500,"rating":900,"tags":["greedy","implementation","sortings"]},"author":{"contestId":1011,"members":[{"handle":"eric"}],"participantType":"CONTESTANT","ghost":false,"room":64,"startTimeSeconds":1532617500},"programmingLanguage":"C++14 (GCC 6-32)","verdict":"OK","testset":"TESTS","passedTestCount":29,"timeConsumedMillis":31,"memoryConsumedBytes":204800},{"id":39953484,"contestId":1003,"creationTimeSeconds":1530704495,"relativeTimeSeconds":2147483647,"problem":{"contestId":1003,"index":"E","name":"Tree Constructing","type":"PROGRAMMING","rating":2100,"tags":["constructive algorithms","graphs"]},"author":{"contestId":1003,"members":[{"handle":"eric"}],"participantType":"PRACTICE","ghost":false,"startTimeSeconds":1530628500},"programmingLanguage":"C++14 (GCC 6-32)","verdict":"OK","testset":"TESTS","passedTestCount":59,"timeConsumedMillis":920,"memoryConsumedBytes":58880000},{"id":39953437,"contestId":1003,"creationTimeSeconds":1530704400,"relativeTimeSeconds":2147483647,"problem":{"contestId":1003,"index":"E","name":"Tree Constructing","type":"PROGRAMMING","rating":2100,"tags":["constructive algorithms","graphs"]},"author":{"contestId":1003,"members":[{"handle":"eric"}],"participantType":"PRACTICE","ghost":false,"startTimeSeconds":1530628500},"programmingLanguage":"C++14 (GCC 6-32)","verdict":"OK","testset":"TESTS","passedTestCount":59,"timeConsumedMillis":920,"memoryConsumedBytes":58880000},{"id":39953410,"contestId":1003,"creationTimeSeconds":1530704360,"relativeTimeSeconds":2147483647,"problem":{"contestId":1003,"index":"E","name":"Tree Constructing","type":"PROGRAMMING","rating":2100,"tags":["constructive algorithms","graphs"]},"author":{"contestId":1003,"members":[{"handle":"eric"}],"participantType":"PRACTICE","ghost":false,"startTimeSeconds":1530628500},"programmingLanguage":"C++14 (GCC 6-32)","verdict":"RUNTIME_ERROR","testset":"TESTS","passedTestCount":31,"timeConsumedMillis":904,"memoryConsumedBytes":58880000},{"id":39924761,"contestId":1003,"creationTimeSeconds":1530634939,"relativeTimeSeconds":6439,"problem":{"contestId":1003,"index":"E","name":"Tree Constructing","type":"PROGRAMMING","rating":2100,"tags":["constructive algorithms","graphs"]},"author":{"contestId":1003,"members":[{"handle":"eric"}],"participantType":"CONTESTANT","ghost":false,"startTimeSeconds":1530628500},"programmingLanguage":"C++14 (GCC 6-32)","verdict":"CHALLENGED","testset":"CHALLENGES","passedTestCount":29,"timeConsumedMillis":966,"memoryConsumedBytes":58880000},{"id":39923599,"contestId":1003,"creationTimeSeconds":1530634628,"relativeTimeSeconds":6128,"problem":{"contestId":1003,"index":"E","name":"Tree Constructing","type":"PROGRAMMING","rating":2100,"tags":["constructive algorithms","graphs"]},"author":{"contestId":1003,"members":[{"handle":"eric"}],"participantType":"CONTESTANT","ghost":false,"startTimeSeconds":1530628500},"programmingLanguage":"C++14 (GCC 6-32)","verdict":"WRONG_ANSWER","testset":"TESTS","passedTestCount":4,"timeConsumedMillis":15,"memoryConsumedBytes":44134400},{"id":39923148,"contestId":1003,"creationTimeSeconds":1530634495,"relativeTimeSeconds":5995,"problem":{"contestId":1003,"index":"E","name":"Tree Constructing","type":"PROGRAMMING","rating":2100,"tags":["constructive algorithms","graphs"]},"author":{"contestId":1003,"members":[{"handle":"eric"}],"participantType":"CONTESTANT","ghost":false,"startTimeSeconds":1530628500},"programmingLanguage":"C++14 (GCC 6-32)","verdict":"WRONG_ANSWER","testset":"TESTS","passedTestCount":4,"timeConsumedMillis":30,"memoryConsumedBytes":44134400},{"id":39922698,"contestId":1003,"creationTimeSeconds":1530634375,"relativeTimeSeconds":5875,"problem":{"contestId":1003,"index":"E","name":"Tree Constructing","type":"PROGRAMMING","rating":2100,"tags":["constructive algorithms","graphs"]},"author":{"contestId":1003,"members":[{"handle":"eric"}],"participantType":"CONTESTANT","ghost":false,"startTimeSeconds":1530628500},"programmingLanguage":"C++14 (GCC 6-32)","verdict":"WRONG_ANSWER","testset":"TESTS","passedTestCount":0,"timeConsumedMillis":15,"memoryConsumedBytes":44134400},{"id":39921047,"contestId":1003,"creationTimeSeconds":1530633916,"relativeTimeSeconds":5416,"problem":{"contestId":1003,"index":"E","name":"Tree Constructing","type":"PROGRAMMING","rating":2100,"tags":["constructive algorithms","graphs"]},"author":{"contestId":1003,"members":[{"handle":"eric"}],"participantType":"CONTESTANT","ghost":false,"startTimeSeconds":1530628500},"programmingLanguage":"C++14 (GCC 6-32)","verdict":"WRONG_ANSWER","testset":"TESTS","passedTestCount":4,"timeConsumedMillis":30,"memoryConsumedBytes":44134400},{"id":39918992,"contestId":1003,"creationTimeSeconds":1530633358,"relativeTimeSeconds":4858,"problem":{"contestId":1003,"index":"E","name":"Tree Constructing","type":"PROGRAMMING","rating":2100,"tags":["constructive algorithms","graphs"]},"author":{"contestId":1003,"members":[{"handle":"eric"}],"participantType":"CONTESTANT","ghost":false,"startTimeSeconds":1530628500},"programmingLanguage":"C++14 (GCC 6-32)","verdict":"WRONG_ANSWER","testset":"TESTS","passedTestCount":4,"timeConsumedMillis":31,"memoryConsumedBytes":3993600},{"id":39918635,"contestId":1003,"creationTimeSeconds":1530633265,"relativeTimeSeconds":4765,"problem":{"contestId":1003,"index":"E","name":"Tree Constructing","type":"PROGRAMMING","rating":2100,"tags":["constructive algorithms","graphs"]},"author":{"contestId":1003,"members":[{"handle":"eric"}],"participantType":"CONTESTANT","ghost":false,"startTimeSeconds":1530628500},"programmingLanguage":"C++14 (GCC 6-32)","verdict":"WRONG_ANSWER","testset":"TESTS","passedTestCount":4,"timeConsumedMillis":15,"memoryConsumedBytes":3993600},{"id":39909786,"contestId":1003,"creationTimeSeconds":1530631187,"relativeTimeSeconds":2687,"problem":{"contestId":1003,"index":"C","name":"Intense Heat","type":"PROGRAMMING","rating":1300,"tags":["brute force","implementation","math"]},"author":{"contestId":1003,"members":[{"handle":"eric"}],"participantType":"CONTESTANT","ghost":false,"startTimeSeconds":1530628500},"programmingLanguage":"C++14 (GCC 6-32)","verdict":"OK","testset":"TESTS","passedTestCount":25,"timeConsumedMillis":78,"memoryConsumedBytes":614400},{"id":39907013,"contestId":1003,"creationTimeSeconds":1530630613,"relativeTimeSeconds":2113,"problem":{"contestId":1003,"index":"B","name":"Binary String Constructing","type":"PROGRAMMING","rating":1300,"tags":["constructive algorithms"]},"author":{"contestId":1003,"members":[{"handle":"eric"}],"participantType":"CONTESTANT","ghost":false,"startTimeSeconds":1530628500},"programmingLanguage":"C++14 (GCC 6-32)","verdict":"OK","testset":"TESTS","passedTestCount":43,"timeConsumedMillis":30,"memoryConsumedBytes":0},{"id":39903158,"contestId":1003,"creationTimeSeconds":1530629803,"relativeTimeSeconds":1303,"problem":{"contestId":1003,"index":"D","name":"Coins and Queries","type":"PROGRAMMING","rating":1600,"tags":["greedy"]},"author":{"contestId":1003,"members":[{"handle":"eric"}],"participantType":"CONTESTANT","ghost":false,"startTimeSeconds":1530628500},"programmingLanguage":"C++14 (GCC 6-32)","verdict":"OK","testset":"TESTS","passedTestCount":31,"timeConsumedMillis":1263,"memoryConsumedBytes":0},{"id":39898053,"contestId":1003,"creationTimeSeconds":1530628817,"relativeTimeSeconds":317,"problem":{"contestId":1003,"index":"A","name":"Polycarp's Pockets","type":"PROGRAMMING","rating":800,"tags":["implementation"]},"author":{"contestId":1003,"members":[{"handle":"eric"}],"participantType":"CONTESTANT","ghost":false,"startTimeSeconds":1530628500},"programmingLanguage":"C++14 (GCC 6-32)","verdict":"OK","testset":"TESTS","passedTestCount":37,"timeConsumedMillis":31,"memoryConsumedBytes":0},{"id":38083920,"contestId":128,"creationTimeSeconds":1525922301,"relativeTimeSeconds":2147483647,"problem":{"contestId":128,"index":"B","name":"String","type":"PROGRAMMING","points":1500,"rating":2100,"tags":["brute force","constructive algorithms","hashing","implementation","string suffix structures","strings"]},"author":{"contestId":128,"members":[{"handle":"eric"}],"participantType":"PRACTICE","ghost":false,"startTimeSeconds":1321337400},"programmingLanguage":"C++14 (GCC 6-32)","verdict":"OK","testset":"TESTS","passedTestCount":63,"timeConsumedMillis":1404,"memoryConsumedBytes":10854400},{"id":38083748,"contestId":128,"creationTimeSeconds":1525921475,"relativeTimeSeconds":2147483647,"problem":{"contestId":128,"index":"B","name":"String","type":"PROGRAMMING","points":1500,"rating":2100,"tags":["brute force","constructive algorithms","hashing","implementation","string suffix structures","strings"]},"author":{"contestId":128,"members":[{"handle":"eric"}],"participantType":"PRACTICE","ghost":false,"startTimeSeconds":1321337400},"programmingLanguage":"C++14 (GCC 6-32)","verdict":"WRONG_ANSWER","testset":"TESTS","passedTestCount":9,"timeConsumedMillis":186,"memoryConsumedBytes":6451200},{"id":38083735,"contestId":128,"creationTimeSeconds":1525921397,"relativeTimeSeconds":2147483647,"problem":{"contestId":128,"index":"B","name":"String","type":"PROGRAMMING","points":1500,"rating":2100,"tags":["brute force","constructive algorithms","hashing","implementation","string suffix structures","strings"]},"author":{"contestId":128,"members":[{"handle":"eric"}],"participantType":"PRACTICE","ghost":false,"startTimeSeconds":1321337400},"programmingLanguage":"C++14 (GCC 6-32)","verdict":"WRONG_ANSWER","testset":"TESTS","passedTestCount":9,"timeConsumedMillis":186,"memoryConsumedBytes":6451200},{"id":38083690,"contestId":128,"creationTimeSeconds":1525921207,"relativeTimeSeconds":2147483647,"problem":{"contestId":128,"index":"B","name":"String","type":"PROGRAMMING","points":1500,"rating":2100,"tags":["brute force","constructive algorithms","hashing","implementation","string suffix structures","strings"]},"author":{"contestId":128,"members":[{"handle":"eric"}],"participantType":"PRACTICE","ghost":false,"startTimeSeconds":1321337400},"programmingLanguage":"C++14 (GCC 6-32)","verdict":"WRONG_ANSWER","testset":"TESTS","passedTestCount":9,"timeConsumedMillis":186,"memoryConsumedBytes":6451200},{"id":38083305,"contestId":129,"creationTimeSeconds":1525918796,"relativeTimeSeconds":2147483647,"problem":{"contestId":129,"index":"D","name":"String","type":"PROGRAMMING","points":2500,"rating":2100,"tags":["implementation","string suffix structures","strings"]},"author":{"contestId":129,"members":[{"handle":"eric"}],"participantType":"PRACTICE","ghost":false,"startTimeSeconds":1321337400},"programmingLanguage":"C++14 (GCC 6-32)","verdict":"WRONG_ANSWER","testset":"TESTS","passedTestCount":4,"timeConsumedMillis":60,"memoryConsumedBytes":5734400},{"id":38082691,"contestId":129,"creationTimeSeconds":1525914525,"relativeTimeSeconds":2147483647,"problem":{"contestId":129,"index":"B","name":"Students and Shoelaces","type":"PROGRAMMING","points":1000,"rating":1200,"tags":["brute force","dfs and similar","graphs","implementation"]},"author":{"contestId":129,"members":[{"handle":"eric"}],"participantType":"PRACTICE","ghost":false,"startTimeSeconds":1321337400},"programmingLanguage":"C++14 (GCC 6-32)","verdict":"OK","testset":"TESTS","passedTestCount":70,"timeConsumedMillis":92,"memoryConsumedBytes":3788800},{"id":38082581,"contestId":129,"creationTimeSeconds":1525913453,"relativeTimeSeconds":2147483647,"problem":{"contestId":129,"index":"A","name":"Cookies","type":"PROGRAMMING","points":500,"rating":900,"tags":["implementation"]},"author":{"contestId":129,"members":[{"handle":"eric"}],"participantType":"PRACTICE","ghost":false,"startTimeSeconds":1321337400},"programmingLanguage":"C++14 (GCC 6-32)","verdict":"OK","testset":"TESTS","passedTestCount":52,"timeConsumedMillis":60,"memoryConsumedBytes":3379200},{"id":37963910,"contestId":977,"creationTimeSeconds":1525620804,"relativeTimeSeconds":5304,"problem":{"contestId":977,"index":"E","name":"Cyclic Components","type":"PROGRAMMING","rating":1500,"tags":["dfs and similar","dsu","graphs"]},"author":{"contestId":977,"members":[{"handle":"eric"}],"participantType":"CONTESTANT","ghost":false,"startTimeSeconds":1525615500},"programmingLanguage":"C++14 (GCC 6-32)","verdict":"OK","testset":"TESTS","passedTestCount":35,"timeConsumedMillis":701,"memoryConsumedBytes":21913600},{"id":37963013,"contestId":977,"creationTimeSeconds":1525620577,"relativeTimeSeconds":5077,"problem":{"contestId":977,"index":"E","name":"Cyclic Components","type":"PROGRAMMING","rating":1500,"tags":["dfs and similar","dsu","graphs"]},"author":{"contestId":977,"members":[{"handle":"eric"}],"participantType":"CONTESTANT","ghost":false,"startTimeSeconds":1525615500},"programmingLanguage":"C++14 (GCC 6-32)","verdict":"WRONG_ANSWER","testset":"TESTS","passedTestCount":17,"timeConsumedMillis":670,"memoryConsumedBytes":21094400},{"id":37956290,"contestId":977,"creationTimeSeconds":1525619109,"relativeTimeSeconds":3609,"problem":{"contestId":977,"index":"F","name":"Consecutive Subsequence","type":"PROGRAMMING","rating":1700,"tags":["dp"]},"author":{"contestId":977,"members":[{"handle":"eric"}],"participantType":"CONTESTANT","ghost":false,"startTimeSeconds":1525615500},"programmingLanguage":"C++14 (GCC 6-32)","verdict":"OK","testset":"TESTS","passedTestCount":70,"timeConsumedMillis":702,"memoryConsumedBytes":29184000},{"id":37950501,"contestId":977,"creationTimeSeconds":1525618146,"relativeTimeSeconds":2646,"problem":{"contestId":977,"index":"D","name":"Divide by three, multiply by two","type":"PROGRAMMING","rating":1400,"tags":["dfs and similar","math","sortings"]},"author":{"contestId":977,"members":[{"handle":"eric"}],"participantType":"CONTESTANT","ghost":false,"startTimeSeconds":1525615500},"programmingLanguage":"C++14 (GCC 6-32)","verdict":"OK","testset":"TESTS","passedTestCount":26,"timeConsumedMillis":30,"memoryConsumedBytes":3481600},{"id":37949544,"contestId":977,"creationTimeSeconds":1525618010,"relativeTimeSeconds":2510,"problem":{"contestId":977,"index":"D","name":"Divide by three, multiply by two","type":"PROGRAMMING","rating":1400,"tags":["dfs and similar","math","sortings"]},"author":{"contestId":977,"members":[{"handle":"eric"}],"participantType":"CONTESTANT","ghost":false,"startTimeSeconds":1525615500},"programmingLanguage":"C++14 (GCC 6-32)","verdict":"RUNTIME_ERROR","testset":"TESTS","passedTestCount":0,"timeConsumedMillis":0,"memoryConsumedBytes":3379200},{"id":37948942,"contestId":977,"creationTimeSeconds":1525617921,"relativeTimeSeconds":2421,"problem":{"contestId":977,"index":"D","name":"Divide by three, multiply by two","type":"PROGRAMMING","rating":1400,"tags":["dfs and similar","math","sortings"]},"author":{"contestId":977,"members":[{"handle":"eric"}],"participantType":"CONTESTANT","ghost":false,"startTimeSeconds":1525615500},"programmingLanguage":"C++14 (GCC 6-32)","verdict":"RUNTIME_ERROR","testset":"TESTS","passedTestCount":0,"timeConsumedMillis":15,"memoryConsumedBytes":3379200},{"id":37940769,"contestId":977,"creationTimeSeconds":1525616798,"relativeTimeSeconds":1298,"problem":{"contestId":977,"index":"C","name":"Less or Equal","type":"PROGRAMMING","rating":1200,"tags":["sortings"]},"author":{"contestId":977,"members":[{"handle":"eric"}],"participantType":"CONTESTANT","ghost":false,"startTimeSeconds":1525615500},"programmingLanguage":"C++14 (GCC 6-32)","verdict":"OK","testset":"TESTS","passedTestCount":38,"timeConsumedMillis":421,"memoryConsumedBytes":4198400},{"id":37937966,"contestId":977,"creationTimeSeconds":1525616482,"relativeTimeSeconds":982,"problem":{"contestId":977,"index":"C","name":"Less or Equal","type":"PROGRAMMING","rating":1200,"tags":["sortings"]},"author":{"contestId":977,"members":[{"handle":"eric"}],"participantType":"CONTESTANT","ghost":false,"startTimeSeconds":1525615500},"programmingLanguage":"C++14 (GCC 6-32)","verdict":"WRONG_ANSWER","testset":"TESTS","passedTestCount":2,"timeConsumedMillis":15,"memoryConsumedBytes":4198400},{"id":37934286,"contestId":977,"creationTimeSeconds":1525616110,"relativeTimeSeconds":610,"problem":{"contestId":977,"index":"B","name":"Two-gram","type":"PROGRAMMING","rating":900,"tags":["implementation","strings"]},"author":{"contestId":977,"members":[{"handle":"eric"}],"participantType":"CONTESTANT","ghost":false,"startTimeSeconds":1525615500},"programmingLanguage":"C++14 (GCC 6-32)","verdict":"OK","testset":"TESTS","passedTestCount":22,"timeConsumedMillis":15,"memoryConsumedBytes":3379200},{"id":37932296,"contestId":977,"creationTimeSeconds":1525615843,"relativeTimeSeconds":343,"problem":{"contestId":977,"index":"A","name":"Wrong Subtraction","type":"PROGRAMMING","rating":800,"tags":["implementation"]},"author":{"contestId":977,"members":[{"handle":"eric"}],"participantType":"CONTESTANT","ghost":false,"startTimeSeconds":1525615500},"programmingLanguage":"C++14 (GCC 6-32)","verdict":"OK","testset":"TESTS","passedTestCount":11,"timeConsumedMillis":15,"memoryConsumedBytes":3379200},{"id":37931120,"contestId":977,"creationTimeSeconds":1525615644,"relativeTimeSeconds":144,"problem":{"contestId":977,"index":"A","name":"Wrong Subtraction","type":"PROGRAMMING","rating":800,"tags":["implementation"]},"author":{"contestId":977,"members":[{"handle":"eric"}],"participantType":"CONTESTANT","ghost":false,"startTimeSeconds":1525615500},"programmingLanguage":"C++14 (GCC 6-32)","verdict":"COMPILATION_ERROR","testset":"TESTS","passedTestCount":0,"timeConsumedMillis":0,"memoryConsumedBytes":0},{"id":34109657,"contestId":913,"creationTimeSeconds":1515771122,"relativeTimeSeconds":2147483647,"problem":{"contestId":913,"index":"D","name":"Too Easy Problems","type":"PROGRAMMING","points":1250,"rating":1800,"tags":["binary search","brute force","data structures","greedy","sortings"]},"author":{"contestId":913,"members":[{"handle":"eric"}],"participantType":"PRACTICE","ghost":false,"startTimeSeconds":1515422700},"programmingLanguage":"C++14 (GCC 6-32)","verdict":"OK","testset":"TESTS","passedTestCount":47,"timeConsumedMillis":1045,"memoryConsumedBytes":11468800},{"id":34108662,"contestId":913,"creationTimeSeconds":1515767971,"relativeTimeSeconds":2147483647,"problem":{"contestId":913,"index":"C","name":"Party Lemonade","type":"PROGRAMMING","points":1000,"rating":1600,"tags":["bitmasks","dp","greedy"]},"author":{"contestId":913,"members":[{"handle":"eric"}],"participantType":"PRACTICE","ghost":false,"startTimeSeconds":1515422700},"programmingLanguage":"C++14 (GCC 6-32)","verdict":"OK","testset":"TESTS","passedTestCount":86,"timeConsumedMillis":15,"memoryConsumedBytes":1945600},{"id":34108605,"contestId":913,"creationTimeSeconds":1515767785,"relativeTimeSeconds":2147483647,"problem":{"contestId":913,"index":"C","name":"Party Lemonade","type":"PROGRAMMING","points":1000,"rating":1600,"tags":["bitmasks","dp","greedy"]},"author":{"contestId":913,"members":[{"handle":"eric"}],"participantType":"PRACTICE","ghost":false,"startTimeSeconds":1515422700},"programmingLanguage":"C++14 (GCC 6-32)","verdict":"OK","testset":"TESTS","passedTestCount":86,"timeConsumedMillis":31,"memoryConsumedBytes":1945600},{"id":34106621,"contestId":913,"creationTimeSeconds":1515761619,"relativeTimeSeconds":2147483647,"problem":{"contestId":913,"index":"B","name":"Christmas Spruce","type":"PROGRAMMING","points":750,"rating":1200,"tags":["implementation","trees"]},"author":{"contestId":913,"members":[{"handle":"eric"}],"participantType":"PRACTICE","ghost":false,"startTimeSeconds":1515422700},"programmingLanguage":"C++14 (GCC 6-32)","verdict":"OK","testset":"TESTS","passedTestCount":31,"timeConsumedMillis":15,"memoryConsumedBytes":2150400},{"id":34106577,"contestId":913,"creationTimeSeconds":1515761504,"relativeTimeSeconds":2147483647,"problem":{"contestId":913,"index":"B","name":"Christmas Spruce","type":"PROGRAMMING","points":750,"rating":1200,"tags":["implementation","trees"]},"author":{"contestId":913,"members":[{"handle":"eric"}],"participantType":"PRACTICE","ghost":false,"startTimeSeconds":1515422700},"programmingLanguage":"C++14 (GCC 6-32)","verdict":"COMPILATION_ERROR","testset":"TESTS","passedTestCount":0,"timeConsumedMillis":0,"memoryConsumedBytes":0},{"id":34106373,"contestId":913,"creationTimeSeconds":1515760850,"relativeTimeSeconds":2147483647,"problem":{"contestId":913,"index":"A","name":"Modular Exponentiation","type":"PROGRAMMING","points":500,"rating":900,"tags":["implementation","math"]},"author":{"contestId":913,"members":[{"handle":"eric"}],"participantType":"PRACTICE","ghost":false,"startTimeSeconds":1515422700},"programmingLanguage":"C++14 (GCC 6-32)","verdict":"OK","testset":"TESTS","passedTestCount":49,"timeConsumedMillis":15,"memoryConsumedBytes":1945600},{"id":33935951,"contestId":912,"creationTimeSeconds":1515165415,"relativeTimeSeconds":2515,"problem":{"contestId":912,"index":"B","name":"New Year's Eve","type":"PROGRAMMING","points":1000,"rating":1300,"tags":["bitmasks","constructive algorithms","number theory"]},"author":{"contestId":912,"members":[{"handle":"eric"}],"participantType":"CONTESTANT","ghost":false,"room":49,"startTimeSeconds":1515162900},"programmingLanguage":"C++14 (GCC 6-32)","verdict":"WRONG_ANSWER","testset":"TESTS","passedTestCount":47,"timeConsumedMillis":15,"memoryConsumedBytes":1945600},{"id":33935337,"contestId":912,"creationTimeSeconds":1515165200,"relativeTimeSeconds":2300,"problem":{"contestId":912,"index":"B","name":"New Year's Eve","type":"PROGRAMMING","points":1000,"rating":1300,"tags":["bitmasks","constructive algorithms","number theory"]},"author":{"contestId":912,"members":[{"handle":"eric"}],"participantType":"CONTESTANT","ghost":false,"room":49,"startTimeSeconds":1515162900},"programmingLanguage":"C++14 (GCC 6-32)","verdict":"WRONG_ANSWER","testset":"PRETESTS","passedTestCount":4,"timeConsumedMillis":15,"memoryConsumedBytes":1843200},{"id":33928822,"contestId":912,"creationTimeSeconds":1515163713,"relativeTimeSeconds":813,"problem":{"contestId":912,"index":"A","name":"Tricky Alchemy","type":"PROGRAMMING","points":500,"rating":800,"tags":["implementation"]},"author":{"contestId":912,"members":[{"handle":"eric"}],"participantType":"CONTESTANT","ghost":false,"room":49,"startTimeSeconds":1515162900},"programmingLanguage":"C++14 (GCC 6-32)","verdict":"OK","testset":"TESTS","passedTestCount":38,"timeConsumedMillis":15,"memoryConsumedBytes":1945600},{"id":33684558,"contestId":909,"creationTimeSeconds":1514395763,"relativeTimeSeconds":3263,"problem":{"contestId":909,"index":"C","name":"Python Indentation","type":"PROGRAMMING","points":1500,"rating":1800,"tags":["dp"]},"author":{"contestId":909,"members":[{"handle":"eric"}],"participantType":"CONTESTANT","ghost":false,"room":125,"startTimeSeconds":1514392500},"programmingLanguage":"C++14 (GCC 6-32)","verdict":"WRONG_ANSWER","testset":"PRETESTS","passedTestCount":2,"timeConsumedMillis":46,"memoryConsumedBytes":202240000},{"id":33684498,"contestId":909,"creationTimeSeconds":1514395734,"relativeTimeSeconds":3234,"problem":{"contestId":909,"index":"C","name":"Python Indentation","type":"PROGRAMMING","points":1500,"rating":1800,"tags":["dp"]},"author":{"contestId":909,"members":[{"handle":"eric"}],"participantType":"CONTESTANT","ghost":false,"room":125,"startTimeSeconds":1514392500},"programmingLanguage":"C++14 (GCC 6-32)","verdict":"TIME_LIMIT_EXCEEDED","testset":"PRETESTS","passedTestCount":4,"timeConsumedMillis":2000,"memoryConsumedBytes":202547200},{"id":33684134,"contestId":909,"creationTimeSeconds":1514395587,"relativeTimeSeconds":3087,"problem":{"contestId":909,"index":"C","name":"Python Indentation","type":"PROGRAMMING","points":1500,"rating":1800,"tags":["dp"]},"author":{"contestId":909,"members":[{"handle":"eric"}],"participantType":"CONTESTANT","ghost":false,"room":125,"startTimeSeconds":1514392500},"programmingLanguage":"C++14 (GCC 6-32)","verdict":"WRONG_ANSWER","testset":"PRETESTS","passedTestCount":2,"timeConsumedMillis":61,"memoryConsumedBytes":202240000},{"id":33683543,"contestId":909,"creationTimeSeconds":1514395352,"relativeTimeSeconds":2852,"problem":{"contestId":909,"index":"C","name":"Python Indentation","type":"PROGRAMMING","points":1500,"rating":1800,"tags":["dp"]},"author":{"contestId":909,"members":[{"handle":"eric"}],"participantType":"CONTESTANT","ghost":false,"room":125,"startTimeSeconds":1514392500},"programmingLanguage":"C++14 (GCC 6-32)","verdict":"WRONG_ANSWER","testset":"PRETESTS","passedTestCount":2,"timeConsumedMillis":0,"memoryConsumedBytes":1945600},{"id":33681743,"contestId":909,"creationTimeSeconds":1514394689,"relativeTimeSeconds":2189,"problem":{"contestId":909,"index":"C","name":"Python Indentation","type":"PROGRAMMING","points":1500,"rating":1800,"tags":["dp"]},"author":{"contestId":909,"members":[{"handle":"eric"}],"participantType":"CONTESTANT","ghost":false,"room":125,"startTimeSeconds":1514392500},"programmingLanguage":"C++14 (GCC 6-32)","verdict":"TIME_LIMIT_EXCEEDED","testset":"PRETESTS","passedTestCount":4,"timeConsumedMillis":2000,"memoryConsumedBytes":202547200},{"id":33681594,"contestId":909,"creationTimeSeconds":1514394642,"relativeTimeSeconds":2142,"problem":{"contestId":909,"index":"C","name":"Python Indentation","type":"PROGRAMMING","points":1500,"rating":1800,"tags":["dp"]},"author":{"contestId":909,"members":[{"handle":"eric"}],"participantType":"CONTESTANT","ghost":false,"room":125,"startTimeSeconds":1514392500},"programmingLanguage":"C++14 (GCC 6-32)","verdict":"MEMORY_LIMIT_EXCEEDED","testset":"PRETESTS","passedTestCount":0,"timeConsumedMillis":77,"memoryConsumedBytes":268390400},{"id":33681337,"contestId":909,"creationTimeSeconds":1514394557,"relativeTimeSeconds":2057,"problem":{"contestId":909,"index":"C","name":"Python Indentation","type":"PROGRAMMING","points":1500,"rating":1800,"tags":["dp"]},"author":{"contestId":909,"members":[{"handle":"eric"}],"participantType":"CONTESTANT","ghost":false,"room":125,"startTimeSeconds":1514392500},"programmingLanguage":"C++14 (GCC 6-32)","verdict":"MEMORY_LIMIT_EXCEEDED","testset":"PRETESTS","passedTestCount":0,"timeConsumedMillis":187,"memoryConsumedBytes":268390400},{"id":33567988,"contestId":907,"creationTimeSeconds":1514044437,"relativeTimeSeconds":6537,"problem":{"contestId":907,"index":"C","name":"Shockers","type":"PROGRAMMING","points":1500,"rating":1600,"tags":["bitmasks","implementation","strings"]},"author":{"contestId":907,"members":[{"handle":"eric"}],"participantType":"CONTESTANT","ghost":false,"room":104,"startTimeSeconds":1514037900},"programmingLanguage":"C++14 (GCC 6-32)","verdict":"OK","testset":"TESTS","passedTestCount":38,"timeConsumedMillis":15,"memoryConsumedBytes":2252800},{"id":33560184,"contestId":907,"creationTimeSeconds":1514042119,"relativeTimeSeconds":4219,"problem":{"contestId":907,"index":"B","name":"Tic-Tac-Toe","type":"PROGRAMMING","points":1000,"rating":1400,"tags":["implementation"]},"author":{"contestId":907,"members":[{"handle":"eric"}],"participantType":"CONTESTANT","ghost":false,"room":104,"startTimeSeconds":1514037900},"programmingLanguage":"C++14 (GCC 6-32)","verdict":"OK","testset":"TESTS","passedTestCount":20,"timeConsumedMillis":15,"memoryConsumedBytes":1945600},{"id":33550321,"contestId":907,"creationTimeSeconds":1514039829,"relativeTimeSeconds":1929,"problem":{"contestId":907,"index":"A","name":"Masha and Bears","type":"PROGRAMMING","points":500,"rating":1300,"tags":["brute force","implementation"]},"author":{"contestId":907,"members":[{"handle":"eric"}],"participantType":"CONTESTANT","ghost":false,"room":104,"startTimeSeconds":1514037900},"programmingLanguage":"C++14 (GCC 6-32)","verdict":"OK","testset":"TESTS","passedTestCount":32,"timeConsumedMillis":15,"memoryConsumedBytes":1945600},{"id":33547481,"contestId":907,"creationTimeSeconds":1514039345,"relativeTimeSeconds":1445,"problem":{"contestId":907,"index":"A","name":"Masha and Bears","type":"PROGRAMMING","points":500,"rating":1300,"tags":["brute force","implementation"]},"author":{"contestId":907,"members":[{"handle":"eric"}],"participantType":"CONTESTANT","ghost":false,"room":104,"startTimeSeconds":1514037900},"programmingLanguage":"C++14 (GCC 6-32)","verdict":"WRONG_ANSWER","testset":"PRETESTS","passedTestCount":3,"timeConsumedMillis":15,"memoryConsumedBytes":1945600},{"id":33463333,"contestId":446,"creationTimeSeconds":1513793281,"relativeTimeSeconds":2147483647,"problem":{"contestId":446,"index":"A","name":"DZY Loves Sequences","type":"PROGRAMMING","points":500,"rating":1600,"tags":["dp","implementation","two pointers"]},"author":{"contestId":446,"members":[{"handle":"eric"}],"participantType":"PRACTICE","ghost":false,"startTimeSeconds":1405256400},"programmingLanguage":"C++14 (GCC 6-32)","verdict":"OK","testset":"TESTS","passedTestCount":92,"timeConsumedMillis":31,"memoryConsumedBytes":3072000},{"id":33463304,"contestId":446,"creationTimeSeconds":1513793202,"relativeTimeSeconds":2147483647,"problem":{"contestId":446,"index":"A","name":"DZY Loves Sequences","type":"PROGRAMMING","points":500,"rating":1600,"tags":["dp","implementation","two pointers"]},"author":{"contestId":446,"members":[{"handle":"eric"}],"participantType":"PRACTICE","ghost":false,"startTimeSeconds":1405256400},"programmingLanguage":"C++14 (GCC 6-32)","verdict":"WRONG_ANSWER","testset":"TESTS","passedTestCount":26,"timeConsumedMillis":46,"memoryConsumedBytes":3072000},{"id":33463250,"contestId":446,"creationTimeSeconds":1513793031,"relativeTimeSeconds":2147483647,"problem":{"contestId":446,"index":"A","name":"DZY Loves Sequences","type":"PROGRAMMING","points":500,"rating":1600,"tags":["dp","implementation","two pointers"]},"author":{"contestId":446,"members":[{"handle":"eric"}],"participantType":"PRACTICE","ghost":false,"startTimeSeconds":1405256400},"programmingLanguage":"C++14 (GCC 6-32)","verdict":"WRONG_ANSWER","testset":"TESTS","passedTestCount":1,"timeConsumedMillis":0,"memoryConsumedBytes":3072000},{"id":33462954,"contestId":788,"creationTimeSeconds":1513792094,"relativeTimeSeconds":2147483647,"problem":{"contestId":788,"index":"A","name":"Functions again","type":"PROGRAMMING","points":500,"rating":1600,"tags":["dp","two pointers"]},"author":{"contestId":788,"members":[{"handle":"eric"}],"participantType":"PRACTICE","ghost":false,"startTimeSeconds":1490803500},"programmingLanguage":"C++14 (GCC 6-32)","verdict":"OK","testset":"TESTS","passedTestCount":52,"timeConsumedMillis":46,"memoryConsumedBytes":5120000},{"id":33462941,"contestId":788,"creationTimeSeconds":1513792048,"relativeTimeSeconds":2147483647,"problem":{"contestId":788,"index":"A","name":"Functions again","type":"PROGRAMMING","points":500,"rating":1600,"tags":["dp","two pointers"]},"author":{"contestId":788,"members":[{"handle":"eric"}],"participantType":"PRACTICE","ghost":false,"startTimeSeconds":1490803500},"programmingLanguage":"C++14 (GCC 6-32)","verdict":"WRONG_ANSWER","testset":"TESTS","passedTestCount":12,"timeConsumedMillis":31,"memoryConsumedBytes":3481600},{"id":33446680,"contestId":903,"creationTimeSeconds":1513750987,"relativeTimeSeconds":2147483647,"problem":{"contestId":903,"index":"F","name":"Clear The Matrix","type":"PROGRAMMING","rating":2200,"tags":["bitmasks","dp"]},"author":{"contestId":903,"members":[{"handle":"eric"}],"participantType":"PRACTICE","ghost":false,"startTimeSeconds":1513091100},"programmingLanguage":"C++14 (GCC 6-32)","verdict":"OK","testset":"TESTS","passedTestCount":46,"timeConsumedMillis":109,"memoryConsumedBytes":168038400},{"id":33446628,"contestId":903,"creationTimeSeconds":1513750821,"relativeTimeSeconds":2147483647,"problem":{"contestId":903,"index":"F","name":"Clear The Matrix","type":"PROGRAMMING","rating":2200,"tags":["bitmasks","dp"]},"author":{"contestId":903,"members":[{"handle":"eric"}],"participantType":"PRACTICE","ghost":false,"startTimeSeconds":1513091100},"programmingLanguage":"C++14 (GCC 6-32)","verdict":"WRONG_ANSWER","testset":"TESTS","passedTestCount":30,"timeConsumedMillis":108,"memoryConsumedBytes":168038400},{"id":33446581,"contestId":903,"creationTimeSeconds":1513750688,"relativeTimeSeconds":2147483647,"problem":{"contestId":903,"index":"F","name":"Clear The Matrix","type":"PROGRAMMING","rating":2200,"tags":["bitmasks","dp"]},"author":{"contestId":903,"members":[{"handle":"eric"}],"participantType":"PRACTICE","ghost":false,"startTimeSeconds":1513091100},"programmingLanguage":"C++14 (GCC 6-32)","verdict":"WRONG_ANSWER","testset":"TESTS","passedTestCount":23,"timeConsumedMillis":93,"memoryConsumedBytes":168038400},{"id":33446507,"contestId":903,"creationTimeSeconds":1513750460,"relativeTimeSeconds":2147483647,"problem":{"contestId":903,"index":"F","name":"Clear The Matrix","type":"PROGRAMMING","rating":2200,"tags":["bitmasks","dp"]},"author":{"contestId":903,"members":[{"handle":"eric"}],"participantType":"PRACTICE","ghost":false,"startTimeSeconds":1513091100},"programmingLanguage":"C++14 (GCC 6-32)","verdict":"WRONG_ANSWER","testset":"TESTS","passedTestCount":30,"timeConsumedMillis":93,"memoryConsumedBytes":168038400},{"id":33446309,"contestId":903,"creationTimeSeconds":1513749816,"relativeTimeSeconds":2147483647,"problem":{"contestId":903,"index":"F","name":"Clear The Matrix","type":"PROGRAMMING","rating":2200,"tags":["bitmasks","dp"]},"author":{"contestId":903,"members":[{"handle":"eric"}],"participantType":"PRACTICE","ghost":false,"startTimeSeconds":1513091100},"programmingLanguage":"C++14 (GCC 6-32)","verdict":"WRONG_ANSWER","testset":"TESTS","passedTestCount":23,"timeConsumedMillis":93,"memoryConsumedBytes":168038400},{"id":33445516,"contestId":903,"creationTimeSeconds":1513747223,"relativeTimeSeconds":2147483647,"problem":{"contestId":903,"index":"F","name":"Clear The Matrix","type":"PROGRAMMING","rating":2200,"tags":["bitmasks","dp"]},"author":{"contestId":903,"members":[{"handle":"eric"}],"participantType":"PRACTICE","ghost":false,"startTimeSeconds":1513091100},"programmingLanguage":"C++14 (GCC 6-32)","verdict":"WRONG_ANSWER","testset":"TESTS","passedTestCount":7,"timeConsumedMillis":61,"memoryConsumedBytes":167731200},{"id":33443351,"contestId":903,"creationTimeSeconds":1513737230,"relativeTimeSeconds":2147483647,"problem":{"contestId":903,"index":"E","name":"Swapping Characters","type":"PROGRAMMING","rating":2200,"tags":["brute force","hashing","implementation","strings"]},"author":{"contestId":903,"members":[{"handle":"eric"}],"participantType":"PRACTICE","ghost":false,"startTimeSeconds":1513091100},"programmingLanguage":"C++14 (GCC 6-32)","verdict":"WRONG_ANSWER","testset":"TESTS","passedTestCount":10,"timeConsumedMillis":15,"memoryConsumedBytes":12390400},{"id":33443336,"contestId":903,"creationTimeSeconds":1513737158,"relativeTimeSeconds":2147483647,"problem":{"contestId":903,"index":"E","name":"Swapping Characters","type":"PROGRAMMING","rating":2200,"tags":["brute force","hashing","implementation","strings"]},"author":{"contestId":903,"members":[{"handle":"eric"}],"participantType":"PRACTICE","ghost":false,"startTimeSeconds":1513091100},"programmingLanguage":"C++14 (GCC 6-32)","verdict":"WRONG_ANSWER","testset":"TESTS","passedTestCount":10,"timeConsumedMillis":15,"memoryConsumedBytes":12492800},{"id":33443286,"contestId":903,"creationTimeSeconds":1513736852,"relativeTimeSeconds":2147483647,"problem":{"contestId":903,"index":"E","name":"Swapping Characters","type":"PROGRAMMING","rating":2200,"tags":["brute force","hashing","implementation","strings"]},"author":{"contestId":903,"members":[{"handle":"eric"}],"participantType":"PRACTICE","ghost":false,"startTimeSeconds":1513091100},"programmingLanguage":"C++14 (GCC 6-32)","verdict":"WRONG_ANSWER","testset":"TESTS","passedTestCount":10,"timeConsumedMillis":202,"memoryConsumedBytes":12492800},{"id":33443216,"contestId":903,"creationTimeSeconds":1513736469,"relativeTimeSeconds":2147483647,"problem":{"contestId":903,"index":"E","name":"Swapping Characters","type":"PROGRAMMING","rating":2200,"tags":["brute force","hashing","implementation","strings"]},"author":{"contestId":903,"members":[{"handle":"eric"}],"participantType":"PRACTICE","ghost":false,"startTimeSeconds":1513091100},"programmingLanguage":"C++14 (GCC 6-32)","verdict":"WRONG_ANSWER","testset":"TESTS","passedTestCount":10,"timeConsumedMillis":234,"memoryConsumedBytes":12492800},{"id":33443089,"contestId":903,"creationTimeSeconds":1513735879,"relativeTimeSeconds":2147483647,"problem":{"contestId":903,"index":"E","name":"Swapping Characters","type":"PROGRAMMING","rating":2200,"tags":["brute force","hashing","implementation","strings"]},"author":{"contestId":903,"members":[{"handle":"eric"}],"participantType":"PRACTICE","ghost":false,"startTimeSeconds":1513091100},"programmingLanguage":"C++14 (GCC 6-32)","verdict":"WRONG_ANSWER","testset":"TESTS","passedTestCount":10,"timeConsumedMillis":93,"memoryConsumedBytes":7168000},{"id":33443068,"contestId":903,"creationTimeSeconds":1513735714,"relativeTimeSeconds":2147483647,"problem":{"contestId":903,"index":"E","name":"Swapping Characters","type":"PROGRAMMING","rating":2200,"tags":["brute force","hashing","implementation","strings"]},"author":{"contestId":903,"members":[{"handle":"eric"}],"participantType":"PRACTICE","ghost":false,"startTimeSeconds":1513091100},"programmingLanguage":"C++14 (GCC 6-32)","verdict":"MEMORY_LIMIT_EXCEEDED","testset":"TESTS","passedTestCount":7,"timeConsumedMillis":248,"memoryConsumedBytes":268390400},{"id":33442987,"contestId":903,"creationTimeSeconds":1513735294,"relativeTimeSeconds":2147483647,"problem":{"contestId":903,"index":"E","name":"Swapping Characters","type":"PROGRAMMING","rating":2200,"tags":["brute force","hashing","implementation","strings"]},"author":{"contestId":903,"members":[{"handle":"eric"}],"participantType":"PRACTICE","ghost":false,"startTimeSeconds":1513091100},"programmingLanguage":"C++14 (GCC 6-32)","verdict":"MEMORY_LIMIT_EXCEEDED","testset":"TESTS","passedTestCount":7,"timeConsumedMillis":248,"memoryConsumedBytes":268390400},{"id":33442949,"contestId":903,"creationTimeSeconds":1513735054,"relativeTimeSeconds":2147483647,"problem":{"contestId":903,"index":"E","name":"Swapping Characters","type":"PROGRAMMING","rating":2200,"tags":["brute force","hashing","implementation","strings"]},"author":{"contestId":903,"members":[{"handle":"eric"}],"participantType":"PRACTICE","ghost":false,"startTimeSeconds":1513091100},"programmingLanguage":"C++14 (GCC 6-32)","verdict":"MEMORY_LIMIT_EXCEEDED","testset":"TESTS","passedTestCount":7,"timeConsumedMillis":498,"memoryConsumedBytes":268390400},{"id":33442616,"contestId":899,"creationTimeSeconds":1513732792,"relativeTimeSeconds":2147483647,"problem":{"contestId":899,"index":"D","name":"Shovel Sale","type":"PROGRAMMING","points":1750,"rating":1800,"tags":["constructive algorithms","math"]},"author":{"contestId":899,"members":[{"handle":"eric"}],"participantType":"PRACTICE","ghost":false,"startTimeSeconds":1513492500},"programmingLanguage":"C++14 (GCC 6-32)","verdict":"OK","testset":"TESTS","passedTestCount":106,"timeConsumedMillis":15,"memoryConsumedBytes":1945600},{"id":33442564,"contestId":899,"creationTimeSeconds":1513732443,"relativeTimeSeconds":2147483647,"problem":{"contestId":899,"index":"D","name":"Shovel Sale","type":"PROGRAMMING","points":1750,"rating":1800,"tags":["constructive algorithms","math"]},"author":{"contestId":899,"members":[{"handle":"eric"}],"participantType":"PRACTICE","ghost":false,"startTimeSeconds":1513492500},"programmingLanguage":"C++14 (GCC 6-32)","verdict":"COMPILATION_ERROR","testset":"TESTS","passedTestCount":0,"timeConsumedMillis":0,"memoryConsumedBytes":0},{"id":33432354,"contestId":902,"creationTimeSeconds":1513703489,"relativeTimeSeconds":5789,"problem":{"contestId":902,"index":"C","name":"Hashing Trees","type":"PROGRAMMING","points":1500,"rating":1500,"tags":["constructive algorithms"]},"author":{"contestId":902,"members":[{"handle":"eric"}],"participantType":"CONTESTANT","ghost":false,"room":59,"startTimeSeconds":1513697700},"programmingLanguage":"C++14 (GCC 6-32)","verdict":"WRONG_ANSWER","testset":"PRETESTS","passedTestCount":3,"timeConsumedMillis":15,"memoryConsumedBytes":5120000},{"id":33432047,"contestId":902,"creationTimeSeconds":1513703336,"relativeTimeSeconds":5636,"problem":{"contestId":902,"index":"C","name":"Hashing Trees","type":"PROGRAMMING","points":1500,"rating":1500,"tags":["constructive algorithms"]},"author":{"contestId":902,"members":[{"handle":"eric"}],"participantType":"CONTESTANT","ghost":false,"room":59,"startTimeSeconds":1513697700},"programmingLanguage":"C++14 (GCC 6-32)","verdict":"WRONG_ANSWER","testset":"PRETESTS","passedTestCount":1,"timeConsumedMillis":15,"memoryConsumedBytes":5120000},{"id":33418000,"contestId":902,"creationTimeSeconds":1513698817,"relativeTimeSeconds":1117,"problem":{"contestId":902,"index":"B","name":"Coloring a Tree","type":"PROGRAMMING","points":1000,"rating":1200,"tags":["dfs and similar","dsu","greedy"]},"author":{"contestId":902,"members":[{"handle":"eric"}],"participantType":"CONTESTANT","ghost":false,"room":59,"startTimeSeconds":1513697700},"programmingLanguage":"C++14 (GCC 6-32)","verdict":"OK","testset":"TESTS","passedTestCount":50,"timeConsumedMillis":30,"memoryConsumedBytes":3993600},{"id":33414941,"contestId":902,"creationTimeSeconds":1513698335,"relativeTimeSeconds":635,"problem":{"contestId":902,"index":"A","name":"Visiting a Friend","type":"PROGRAMMING","points":500,"rating":1100,"tags":["greedy","implementation"]},"author":{"contestId":902,"members":[{"handle":"eric"}],"participantType":"CONTESTANT","ghost":false,"room":59,"startTimeSeconds":1513697700},"programmingLanguage":"C++14 (GCC 6-32)","verdict":"OK","testset":"TESTS","passedTestCount":55,"timeConsumedMillis":15,"memoryConsumedBytes":1945600},{"id":33413067,"contestId":902,"creationTimeSeconds":1513698023,"relativeTimeSeconds":323,"problem":{"contestId":902,"index":"A","name":"Visiting a Friend","type":"PROGRAMMING","points":500,"rating":1100,"tags":["greedy","implementation"]},"author":{"contestId":902,"members":[{"handle":"eric"}],"participantType":"CONTESTANT","ghost":false,"room":59,"startTimeSeconds":1513697700},"programmingLanguage":"C++14 (GCC 6-32)","verdict":"WRONG_ANSWER","testset":"PRETESTS","passedTestCount":1,"timeConsumedMillis":15,"memoryConsumedBytes":1945600},{"id":33412902,"contestId":902,"creationTimeSeconds":1513697985,"relativeTimeSeconds":285,"problem":{"contestId":902,"index":"A","name":"Visiting a Friend","type":"PROGRAMMING","points":500,"rating":1100,"tags":["greedy","implementation"]},"author":{"contestId":902,"members":[{"handle":"eric"}],"participantType":"CONTESTANT","ghost":false,"room":59,"startTimeSeconds":1513697700},"programmingLanguage":"C++14 (GCC 6-32)","verdict":"COMPILATION_ERROR","testset":"PRETESTS","passedTestCount":0,"timeConsumedMillis":0,"memoryConsumedBytes":0},{"id":33398950,"contestId":898,"creationTimeSeconds":1513664717,"relativeTimeSeconds":2147483647,"problem":{"contestId":898,"index":"F","name":"Restoring the Expression","type":"PROGRAMMING","points":2500,"rating":2300,"tags":["brute force","hashing","math"]},"author":{"contestId":898,"members":[{"handle":"eric"}],"participantType":"PRACTICE","ghost":false,"startTimeSeconds":1513424100},"programmingLanguage":"C++14 (GCC 6-32)","verdict":"OK","testset":"TESTS","passedTestCount":81,"timeConsumedMillis":93,"memoryConsumedBytes":20172800},{"id":33398826,"contestId":898,"creationTimeSeconds":1513664387,"relativeTimeSeconds":2147483647,"problem":{"contestId":898,"index":"F","name":"Restoring the Expression","type":"PROGRAMMING","points":2500,"rating":2300,"tags":["brute force","hashing","math"]},"author":{"contestId":898,"members":[{"handle":"eric"}],"participantType":"PRACTICE","ghost":false,"startTimeSeconds":1513424100},"programmingLanguage":"C++14 (GCC 6-32)","verdict":"WRONG_ANSWER","testset":"TESTS","passedTestCount":58,"timeConsumedMillis":78,"memoryConsumedBytes":19968000},{"id":33397446,"contestId":899,"creationTimeSeconds":1513659594,"relativeTimeSeconds":2147483647,"problem":{"contestId":899,"index":"F","name":"Letters Removing","type":"PROGRAMMING","points":2500,"rating":2100,"tags":["data structures","strings"]},"author":{"contestId":899,"members":[{"handle":"eric"}],"participantType":"PRACTICE","ghost":false,"startTimeSeconds":1513492500},"programmingLanguage":"C++14 (GCC 6-32)","verdict":"OK","testset":"TESTS","passedTestCount":48,"timeConsumedMillis":202,"memoryConsumedBytes":13414400},{"id":33366333,"contestId":899,"creationTimeSeconds":1513561193,"relativeTimeSeconds":2147483647,"problem":{"contestId":899,"index":"F","name":"Letters Removing","type":"PROGRAMMING","points":2500,"rating":2100,"tags":["data structures","strings"]},"author":{"contestId":899,"members":[{"handle":"eric"}],"participantType":"PRACTICE","ghost":false,"startTimeSeconds":1513492500},"programmingLanguage":"C++14 (GCC 6-32)","verdict":"OK","testset":"TESTS","passedTestCount":48,"timeConsumedMillis":1918,"memoryConsumedBytes":265830400},{"id":33366324,"contestId":899,"creationTimeSeconds":1513561137,"relativeTimeSeconds":2147483647,"problem":{"contestId":899,"index":"F","name":"Letters Removing","type":"PROGRAMMING","points":2500,"rating":2100,"tags":["data structures","strings"]},"author":{"contestId":899,"members":[{"handle":"eric"}],"participantType":"PRACTICE","ghost":false,"startTimeSeconds":1513492500},"programmingLanguage":"C++14 (GCC 6-32)","verdict":"RUNTIME_ERROR","testset":"TESTS","passedTestCount":6,"timeConsumedMillis":46,"memoryConsumedBytes":166912000},{"id":33366310,"contestId":899,"creationTimeSeconds":1513561025,"relativeTimeSeconds":2147483647,"problem":{"contestId":899,"index":"F","name":"Letters Removing","type":"PROGRAMMING","points":2500,"rating":2100,"tags":["data structures","strings"]},"author":{"contestId":899,"members":[{"handle":"eric"}],"participantType":"PRACTICE","ghost":false,"startTimeSeconds":1513492500},"programmingLanguage":"C++14 (GCC 6-32)","verdict":"RUNTIME_ERROR","testset":"TESTS","passedTestCount":6,"timeConsumedMillis":30,"memoryConsumedBytes":264601600},{"id":33366240,"contestId":899,"creationTimeSeconds":1513560555,"relativeTimeSeconds":2147483647,"problem":{"contestId":899,"index":"F","name":"Letters Removing","type":"PROGRAMMING","points":2500,"rating":2100,"tags":["data structures","strings"]},"author":{"contestId":899,"members":[{"handle":"eric"}],"participantType":"PRACTICE","ghost":false,"startTimeSeconds":1513492500},"programmingLanguage":"C++14 (GCC 6-32)","verdict":"RUNTIME_ERROR","testset":"TESTS","passedTestCount":6,"timeConsumedMillis":15,"memoryConsumedBytes":215654400},{"id":33366207,"contestId":899,"creationTimeSeconds":1513560404,"relativeTimeSeconds":2147483647,"problem":{"contestId":899,"index":"F","name":"Letters Removing","type":"PROGRAMMING","points":2500,"rating":2100,"tags":["data structures","strings"]},"author":{"contestId":899,"members":[{"handle":"eric"}],"participantType":"PRACTICE","ghost":false,"startTimeSeconds":1513492500},"programmingLanguage":"C++14 (GCC 6-32)","verdict":"MEMORY_LIMIT_EXCEEDED","testset":"TESTS","passedTestCount":6,"timeConsumedMillis":31,"memoryConsumedBytes":268390400},{"id":33366198,"contestId":899,"creationTimeSeconds":1513560348,"relativeTimeSeconds":2147483647,"problem":{"contestId":899,"index":"F","name":"Letters Removing","type":"PROGRAMMING","points":2500,"rating":2100,"tags":["data structures","strings"]},"author":{"contestId":899,"members":[{"handle":"eric"}],"participantType":"PRACTICE","ghost":false,"startTimeSeconds":1513492500},"programmingLanguage":"C++14 (GCC 6-32)","verdict":"MEMORY_LIMIT_EXCEEDED","testset":"TESTS","passedTestCount":6,"timeConsumedMillis":46,"memoryConsumedBytes":268390400},{"id":33366169,"contestId":899,"creationTimeSeconds":1513560178,"relativeTimeSeconds":2147483647,"problem":{"contestId":899,"index":"F","name":"Letters Removing","type":"PROGRAMMING","points":2500,"rating":2100,"tags":["data structures","strings"]},"author":{"contestId":899,"members":[{"handle":"eric"}],"participantType":"PRACTICE","ghost":false,"startTimeSeconds":1513492500},"programmingLanguage":"C++14 (GCC 6-32)","verdict":"MEMORY_LIMIT_EXCEEDED","testset":"TESTS","passedTestCount":0,"timeConsumedMillis":0,"memoryConsumedBytes":268390400},{"id":33356416,"contestId":899,"creationTimeSeconds":1513522092,"relativeTimeSeconds":2147483647,"problem":{"contestId":899,"index":"B","name":"Months and Years","type":"PROGRAMMING","points":1000,"rating":1200,"tags":["implementation"]},"author":{"contestId":899,"members":[{"handle":"eric"}],"participantType":"PRACTICE","ghost":false,"startTimeSeconds":1513492500},"programmingLanguage":"C++14 (GCC 6-32)","verdict":"OK","testset":"TESTS","passedTestCount":62,"timeConsumedMillis":15,"memoryConsumedBytes":1945600},{"id":33355698,"contestId":899,"creationTimeSeconds":1513520213,"relativeTimeSeconds":2147483647,"problem":{"contestId":899,"index":"E","name":"Segments Removal","type":"PROGRAMMING","points":2250,"rating":2000,"tags":["data structures","dsu","flows","implementation","two pointers"]},"author":{"contestId":899,"members":[{"handle":"eric"}],"participantType":"PRACTICE","ghost":false,"startTimeSeconds":1513492500},"programmingLanguage":"C++14 (GCC 6-32)","verdict":"OK","testset":"TESTS","passedTestCount":97,"timeConsumedMillis":155,"memoryConsumedBytes":18944000},{"id":33340538,"contestId":899,"creationTimeSeconds":1513495743,"relativeTimeSeconds":3243,"problem":{"contestId":899,"index":"A","name":"Splitting in Teams","type":"PROGRAMMING","points":500,"rating":800,"tags":["constructive algorithms","greedy","math"]},"author":{"contestId":899,"members":[{"handle":"eric"}],"participantType":"CONTESTANT","ghost":false,"room":79,"startTimeSeconds":1513492500},"programmingLanguage":"C++14 (GCC 6-32)","verdict":"OK","testset":"TESTS","passedTestCount":67,"timeConsumedMillis":46,"memoryConsumedBytes":1945600},{"id":33338787,"contestId":899,"creationTimeSeconds":1513494992,"relativeTimeSeconds":2492,"problem":{"contestId":899,"index":"C","name":"Dividing the numbers","type":"PROGRAMMING","points":1500,"rating":1300,"tags":["constructive algorithms","graphs","math"]},"author":{"contestId":899,"members":[{"handle":"eric"}],"participantType":"CONTESTANT","ghost":false,"room":79,"startTimeSeconds":1513492500},"programmingLanguage":"C++14 (GCC 6-32)","verdict":"OK","testset":"TESTS","passedTestCount":60,"timeConsumedMillis":15,"memoryConsumedBytes":3276800},{"id":33305304,"contestId":898,"creationTimeSeconds":1513429405,"relativeTimeSeconds":5305,"problem":{"contestId":898,"index":"E","name":"Squares and not squares","type":"PROGRAMMING","points":2000,"rating":1600,"tags":["constructive algorithms","greedy"]},"author":{"contestId":898,"members":[{"handle":"eric"}],"participantType":"CONTESTANT","ghost":false,"room":39,"startTimeSeconds":1513424100},"programmingLanguage":"C++14 (GCC 6-32)","verdict":"OK","testset":"TESTS","passedTestCount":51,"timeConsumedMillis":93,"memoryConsumedBytes":7680000},{"id":33302000,"contestId":898,"creationTimeSeconds":1513428100,"relativeTimeSeconds":4000,"problem":{"contestId":898,"index":"D","name":"Alarm Clock","type":"PROGRAMMING","points":1750,"rating":1600,"tags":["greedy"]},"author":{"contestId":898,"members":[{"handle":"eric"}],"participantType":"CONTESTANT","ghost":false,"room":39,"startTimeSeconds":1513424100},"programmingLanguage":"C++14 (GCC 6-32)","verdict":"OK","testset":"TESTS","passedTestCount":48,"timeConsumedMillis":109,"memoryConsumedBytes":17305600},{"id":33298413,"contestId":898,"creationTimeSeconds":1513426758,"relativeTimeSeconds":2658,"problem":{"contestId":898,"index":"C","name":"Phone Numbers","type":"PROGRAMMING","points":1500,"rating":1400,"tags":["implementation","strings"]},"author":{"contestId":898,"members":[{"handle":"eric"}],"participantType":"CONTESTANT","ghost":false,"room":39,"startTimeSeconds":1513424100},"programmingLanguage":"C++14 (GCC 6-32)","verdict":"OK","testset":"TESTS","passedTestCount":59,"timeConsumedMillis":15,"memoryConsumedBytes":2048000},{"id":33297574,"contestId":898,"creationTimeSeconds":1513426458,"relativeTimeSeconds":2358,"problem":{"contestId":898,"index":"C","name":"Phone Numbers","type":"PROGRAMMING","points":1500,"rating":1400,"tags":["implementation","strings"]},"author":{"contestId":898,"members":[{"handle":"eric"}],"participantType":"CONTESTANT","ghost":false,"room":39,"startTimeSeconds":1513424100},"programmingLanguage":"C++14 (GCC 6-32)","verdict":"RUNTIME_ERROR","testset":"PRETESTS","passedTestCount":3,"timeConsumedMillis":0,"memoryConsumedBytes":1945600},{"id":33296912,"contestId":898,"creationTimeSeconds":1513426216,"relativeTimeSeconds":2116,"problem":{"contestId":898,"index":"C","name":"Phone Numbers","type":"PROGRAMMING","points":1500,"rating":1400,"tags":["implementation","strings"]},"author":{"contestId":898,"members":[{"handle":"eric"}],"participantType":"CONTESTANT","ghost":false,"room":39,"startTimeSeconds":1513424100},"programmingLanguage":"C++14 (GCC 6-32)","verdict":"RUNTIME_ERROR","testset":"PRETESTS","passedTestCount":3,"timeConsumedMillis":0,"memoryConsumedBytes":1945600},{"id":33291571,"contestId":898,"creationTimeSeconds":1513424701,"relativeTimeSeconds":601,"problem":{"contestId":898,"index":"B","name":"Proper Nutrition","type":"PROGRAMMING","points":750,"rating":1100,"tags":["brute force","implementation","number theory"]},"author":{"contestId":898,"members":[{"handle":"eric"}],"participantType":"CONTESTANT","ghost":false,"room":39,"startTimeSeconds":1513424100},"programmingLanguage":"C++14 (GCC 6-32)","verdict":"OK","testset":"TESTS","passedTestCount":100,"timeConsumedMillis":139,"memoryConsumedBytes":1945600},{"id":33290749,"contestId":898,"creationTimeSeconds":1513424560,"relativeTimeSeconds":460,"problem":{"contestId":898,"index":"B","name":"Proper Nutrition","type":"PROGRAMMING","points":750,"rating":1100,"tags":["brute force","implementation","number theory"]},"author":{"contestId":898,"members":[{"handle":"eric"}],"participantType":"CONTESTANT","ghost":false,"room":39,"startTimeSeconds":1513424100},"programmingLanguage":"C++14 (GCC 6-32)","verdict":"TIME_LIMIT_EXCEEDED","testset":"PRETESTS","passedTestCount":0,"timeConsumedMillis":1000,"memoryConsumedBytes":1843200},{"id":33289269,"contestId":898,"creationTimeSeconds":1513424359,"relativeTimeSeconds":259,"problem":{"contestId":898,"index":"A","name":"Rounding","type":"PROGRAMMING","points":500,"rating":800,"tags":["implementation","math"]},"author":{"contestId":898,"members":[{"handle":"eric"}],"participantType":"CONTESTANT","ghost":false,"room":39,"startTimeSeconds":1513424100},"programmingLanguage":"C++14 (GCC 6-32)","verdict":"OK","testset":"TESTS","passedTestCount":64,"timeConsumedMillis":15,"memoryConsumedBytes":1945600},{"id":33288113,"contestId":898,"creationTimeSeconds":1513424258,"relativeTimeSeconds":158,"problem":{"contestId":898,"index":"A","name":"Rounding","type":"PROGRAMMING","points":500,"rating":800,"tags":["implementation","math"]},"author":{"contestId":898,"members":[{"handle":"eric"}],"participantType":"CONTESTANT","ghost":false,"room":39,"startTimeSeconds":1513424100},"programmingLanguage":"C++14 (GCC 6-32)","verdict":"WRONG_ANSWER","testset":"PRETESTS","passedTestCount":0,"timeConsumedMillis":0,"memoryConsumedBytes":1945600},{"id":33284948,"contestId":746,"creationTimeSeconds":1513416291,"relativeTimeSeconds":2147483647,"problem":{"contestId":746,"index":"B","name":"Decoding","type":"PROGRAMMING","points":1000,"rating":900,"tags":["implementation","strings"]},"author":{"contestId":746,"members":[{"handle":"eric"}],"participantType":"PRACTICE","ghost":false,"startTimeSeconds":1482057300},"programmingLanguage":"C++14 (GCC 6-32)","verdict":"OK","testset":"TESTS","passedTestCount":34,"timeConsumedMillis":15,"memoryConsumedBytes":1945600},{"id":33284598,"contestId":746,"creationTimeSeconds":1513415082,"relativeTimeSeconds":2147483647,"problem":{"contestId":746,"index":"A","name":"Compote","type":"PROGRAMMING","points":500,"rating":800,"tags":["implementation","math"]},"author":{"contestId":746,"members":[{"handle":"eric"}],"participantType":"PRACTICE","ghost":false,"startTimeSeconds":1482057300},"programmingLanguage":"C++14 (GCC 6-32)","verdict":"OK","testset":"TESTS","passedTestCount":84,"timeConsumedMillis":15,"memoryConsumedBytes":1945600},{"id":33284588,"contestId":746,"creationTimeSeconds":1513415028,"relativeTimeSeconds":2147483647,"problem":{"contestId":746,"index":"A","name":"Compote","type":"PROGRAMMING","points":500,"rating":800,"tags":["implementation","math"]},"author":{"contestId":746,"members":[{"handle":"eric"}],"participantType":"PRACTICE","ghost":false,"startTimeSeconds":1482057300},"programmingLanguage":"C++14 (GCC 6-32)","verdict":"WRONG_ANSWER","testset":"TESTS","passedTestCount":0,"timeConsumedMillis":0,"memoryConsumedBytes":1843200},{"id":33258460,"contestId":903,"creationTimeSeconds":1513326733,"relativeTimeSeconds":2147483647,"problem":{"contestId":903,"index":"E","name":"Swapping Characters","type":"PROGRAMMING","rating":2200,"tags":["brute force","hashing","implementation","strings"]},"author":{"contestId":903,"members":[{"handle":"eric"}],"participantType":"PRACTICE","ghost":false,"startTimeSeconds":1513091100},"programmingLanguage":"GNU C++11","verdict":"TIME_LIMIT_EXCEEDED","testset":"TESTS","passedTestCount":7,"timeConsumedMillis":1000,"memoryConsumedBytes":127180800},{"id":33258451,"contestId":903,"creationTimeSeconds":1513326692,"relativeTimeSeconds":2147483647,"problem":{"contestId":903,"index":"E","name":"Swapping Characters","type":"PROGRAMMING","rating":2200,"tags":["brute force","hashing","implementation","strings"]},"author":{"contestId":903,"members":[{"handle":"eric"}],"participantType":"PRACTICE","ghost":false,"startTimeSeconds":1513091100},"programmingLanguage":"GNU C++11","verdict":"TIME_LIMIT_EXCEEDED","testset":"TESTS","passedTestCount":7,"timeConsumedMillis":1000,"memoryConsumedBytes":103628800},{"id":33258446,"contestId":903,"creationTimeSeconds":1513326671,"relativeTimeSeconds":2147483647,"problem":{"contestId":903,"index":"E","name":"Swapping Characters","type":"PROGRAMMING","rating":2200,"tags":["brute force","hashing","implementation","strings"]},"author":{"contestId":903,"members":[{"handle":"eric"}],"participantType":"PRACTICE","ghost":false,"startTimeSeconds":1513091100},"programmingLanguage":"GNU C++11","verdict":"COMPILATION_ERROR","testset":"TESTS","passedTestCount":0,"timeConsumedMillis":0,"memoryConsumedBytes":0},{"id":33258401,"contestId":903,"creationTimeSeconds":1513326506,"relativeTimeSeconds":2147483647,"problem":{"contestId":903,"index":"E","name":"Swapping Characters","type":"PROGRAMMING","rating":2200,"tags":["brute force","hashing","implementation","strings"]},"author":{"contestId":903,"members":[{"handle":"eric"}],"participantType":"PRACTICE","ghost":false,"startTimeSeconds":1513091100},"programmingLanguage":"GNU C++11","verdict":"COMPILATION_ERROR","testset":"TESTS","passedTestCount":0,"timeConsumedMillis":0,"memoryConsumedBytes":0},{"id":33258392,"contestId":903,"creationTimeSeconds":1513326479,"relativeTimeSeconds":2147483647,"problem":{"contestId":903,"index":"E","name":"Swapping Characters","type":"PROGRAMMING","rating":2200,"tags":["brute force","hashing","implementation","strings"]},"author":{"contestId":903,"members":[{"handle":"eric"}],"participantType":"PRACTICE","ghost":false,"startTimeSeconds":1513091100},"programmingLanguage":"GNU C++17 Diagnostics","verdict":"COMPILATION_ERROR","testset":"TESTS","passedTestCount":0,"timeConsumedMillis":0,"memoryConsumedBytes":0},{"id":33258378,"contestId":903,"creationTimeSeconds":1513326450,"relativeTimeSeconds":2147483647,"problem":{"contestId":903,"index":"E","name":"Swapping Characters","type":"PROGRAMMING","rating":2200,"tags":["brute force","hashing","implementation","strings"]},"author":{"contestId":903,"members":[{"handle":"eric"}],"participantType":"PRACTICE","ghost":false,"startTimeSeconds":1513091100},"programmingLanguage":"C++14 (GCC 6-32)","verdict":"COMPILATION_ERROR","testset":"TESTS","passedTestCount":0,"timeConsumedMillis":0,"memoryConsumedBytes":0},{"id":33258319,"contestId":903,"creationTimeSeconds":1513326292,"relativeTimeSeconds":2147483647,"problem":{"contestId":903,"index":"E","name":"Swapping Characters","type":"PROGRAMMING","rating":2200,"tags":["brute force","hashing","implementation","strings"]},"author":{"contestId":903,"members":[{"handle":"eric"}],"participantType":"PRACTICE","ghost":false,"startTimeSeconds":1513091100},"programmingLanguage":"C++14 (GCC 6-32)","verdict":"COMPILATION_ERROR","testset":"TESTS","passedTestCount":0,"timeConsumedMillis":0,"memoryConsumedBytes":0},{"id":33258042,"contestId":903,"creationTimeSeconds":1513325330,"relativeTimeSeconds":2147483647,"problem":{"contestId":903,"index":"E","name":"Swapping Characters","type":"PROGRAMMING","rating":2200,"tags":["brute force","hashing","implementation","strings"]},"author":{"contestId":903,"members":[{"handle":"eric"}],"participantType":"PRACTICE","ghost":false,"startTimeSeconds":1513091100},"programmingLanguage":"C++14 (GCC 6-32)","verdict":"TIME_LIMIT_EXCEEDED","testset":"TESTS","passedTestCount":7,"timeConsumedMillis":1000,"memoryConsumedBytes":86118400},{"id":33257879,"contestId":903,"creationTimeSeconds":1513324762,"relativeTimeSeconds":2147483647,"problem":{"contestId":903,"index":"E","name":"Swapping Characters","type":"PROGRAMMING","rating":2200,"tags":["brute force","hashing","implementation","strings"]},"author":{"contestId":903,"members":[{"handle":"eric"}],"participantType":"PRACTICE","ghost":false,"startTimeSeconds":1513091100},"programmingLanguage":"C++14 (GCC 6-32)","verdict":"TIME_LIMIT_EXCEEDED","testset":"TESTS","passedTestCount":7,"timeConsumedMillis":1000,"memoryConsumedBytes":140390400},{"id":33192344,"contestId":903,"creationTimeSeconds":1513102171,"relativeTimeSeconds":2147483647,"problem":{"contestId":903,"index":"D","name":"Almost Difference","type":"PROGRAMMING","rating":2200,"tags":["data structures","math"]},"author":{"contestId":903,"members":[{"handle":"eric"}],"participantType":"PRACTICE","ghost":false,"startTimeSeconds":1513091100},"programmingLanguage":"Python 3","verdict":"OK","testset":"TESTS","passedTestCount":45,"timeConsumedMillis":966,"memoryConsumedBytes":21913600},{"id":33192321,"contestId":903,"creationTimeSeconds":1513102131,"relativeTimeSeconds":2147483647,"problem":{"contestId":903,"index":"D","name":"Almost Difference","type":"PROGRAMMING","rating":2200,"tags":["data structures","math"]},"author":{"contestId":903,"members":[{"handle":"eric"}],"participantType":"PRACTICE","ghost":false,"startTimeSeconds":1513091100},"programmingLanguage":"C++14 (GCC 6-32)","verdict":"COMPILATION_ERROR","testset":"TESTS","passedTestCount":0,"timeConsumedMillis":0,"memoryConsumedBytes":0},{"id":33189857,"contestId":903,"creationTimeSeconds":1513098794,"relativeTimeSeconds":2147483647,"problem":{"contestId":903,"index":"E","name":"Swapping Characters","type":"PROGRAMMING","rating":2200,"tags":["brute force","hashing","implementation","strings"]},"author":{"contestId":903,"members":[{"handle":"eric"}],"participantType":"PRACTICE","ghost":false,"startTimeSeconds":1513091100},"programmingLanguage":"C++14 (GCC 6-32)","verdict":"MEMORY_LIMIT_EXCEEDED","testset":"TESTS","passedTestCount":7,"timeConsumedMillis":748,"memoryConsumedBytes":268390400},{"id":33186042,"contestId":903,"creationTimeSeconds":1513097366,"relativeTimeSeconds":6266,"problem":{"contestId":903,"index":"E","name":"Swapping Characters","type":"PROGRAMMING","rating":2200,"tags":["brute force","hashing","implementation","strings"]},"author":{"contestId":903,"members":[{"handle":"eric"}],"participantType":"CONTESTANT","ghost":false,"startTimeSeconds":1513091100},"programmingLanguage":"C++14 (GCC 6-32)","verdict":"MEMORY_LIMIT_EXCEEDED","testset":"TESTS","passedTestCount":7,"timeConsumedMillis":483,"memoryConsumedBytes":268390400},{"id":33185989,"contestId":903,"creationTimeSeconds":1513097348,"relativeTimeSeconds":6248,"problem":{"contestId":903,"index":"F","name":"Clear The Matrix","type":"PROGRAMMING","rating":2200,"tags":["bitmasks","dp"]},"author":{"contestId":903,"members":[{"handle":"eric"}],"participantType":"CONTESTANT","ghost":false,"startTimeSeconds":1513091100},"programmingLanguage":"C++14 (GCC 6-32)","verdict":"WRONG_ANSWER","testset":"TESTS","passedTestCount":0,"timeConsumedMillis":0,"memoryConsumedBytes":1945600},{"id":33184271,"contestId":903,"creationTimeSeconds":1513096811,"relativeTimeSeconds":5711,"problem":{"contestId":903,"index":"E","name":"Swapping Characters","type":"PROGRAMMING","rating":2200,"tags":["brute force","hashing","implementation","strings"]},"author":{"contestId":903,"members":[{"handle":"eric"}],"participantType":"CONTESTANT","ghost":false,"startTimeSeconds":1513091100},"programmingLanguage":"C++14 (GCC 6-32)","verdict":"MEMORY_LIMIT_EXCEEDED","testset":"TESTS","passedTestCount":7,"timeConsumedMillis":498,"memoryConsumedBytes":268390400},{"id":33174022,"contestId":903,"creationTimeSeconds":1513093852,"relativeTimeSeconds":2752,"problem":{"contestId":903,"index":"D","name":"Almost Difference","type":"PROGRAMMING","rating":2200,"tags":["data structures","math"]},"author":{"contestId":903,"members":[{"handle":"eric"}],"participantType":"CONTESTANT","ghost":false,"startTimeSeconds":1513091100},"programmingLanguage":"C++14 (GCC 6-32)","verdict":"CHALLENGED","testset":"CHALLENGES","passedTestCount":28,"timeConsumedMillis":701,"memoryConsumedBytes":27750400},{"id":33170752,"contestId":903,"creationTimeSeconds":1513093173,"relativeTimeSeconds":2073,"problem":{"contestId":903,"index":"C","name":"Boxes Packing","type":"PROGRAMMING","rating":1200,"tags":["greedy"]},"author":{"contestId":903,"members":[{"handle":"eric"}],"participantType":"CONTESTANT","ghost":false,"startTimeSeconds":1513091100},"programmingLanguage":"C++14 (GCC 6-32)","verdict":"OK","testset":"TESTS","passedTestCount":24,"timeConsumedMillis":15,"memoryConsumedBytes":2150400},{"id":33166295,"contestId":903,"creationTimeSeconds":1513092384,"relativeTimeSeconds":1284,"problem":{"contestId":903,"index":"B","name":"The Modcrab","type":"PROGRAMMING","rating":1200,"tags":["greedy","implementation"]},"author":{"contestId":903,"members":[{"handle":"eric"}],"participantType":"CONTESTANT","ghost":false,"startTimeSeconds":1513091100},"programmingLanguage":"C++14 (GCC 6-32)","verdict":"OK","testset":"TESTS","passedTestCount":17,"timeConsumedMillis":15,"memoryConsumedBytes":2662400},{"id":33159349,"contestId":903,"creationTimeSeconds":1513091321,"relativeTimeSeconds":221,"problem":{"contestId":903,"index":"A","name":"Hungry Student Problem","type":"PROGRAMMING","rating":900,"tags":["greedy","implementation"]},"author":{"contestId":903,"members":[{"handle":"eric"}],"participantType":"CONTESTANT","ghost":false,"startTimeSeconds":1513091100},"programmingLanguage":"C++14 (GCC 6-32)","verdict":"OK","testset":"TESTS","passedTestCount":8,"timeConsumedMillis":15,"memoryConsumedBytes":1945600},{"id":33134466,"contestId":900,"creationTimeSeconds":1513015197,"relativeTimeSeconds":6897,"problem":{"contestId":900,"index":"C","name":"Remove Extra One","type":"PROGRAMMING","points":1500,"rating":1700,"tags":["brute force","data structures","math"]},"author":{"contestId":900,"members":[{"handle":"eric"}],"participantType":"CONTESTANT","ghost":false,"room":7,"startTimeSeconds":1513008300},"programmingLanguage":"C++14 (GCC 6-32)","verdict":"OK","testset":"TESTS","passedTestCount":51,"timeConsumedMillis":218,"memoryConsumedBytes":13721600},{"id":33133409,"contestId":900,"creationTimeSeconds":1513014805,"relativeTimeSeconds":6505,"problem":{"contestId":900,"index":"C","name":"Remove Extra One","type":"PROGRAMMING","points":1500,"rating":1700,"tags":["brute force","data structures","math"]},"author":{"contestId":900,"members":[{"handle":"eric"}],"participantType":"CONTESTANT","ghost":false,"room":7,"startTimeSeconds":1513008300},"programmingLanguage":"C++14 (GCC 6-32)","verdict":"WRONG_ANSWER","testset":"PRETESTS","passedTestCount":5,"timeConsumedMillis":15,"memoryConsumedBytes":5120000},{"id":33132949,"contestId":900,"creationTimeSeconds":1513014624,"relativeTimeSeconds":6324,"problem":{"contestId":900,"index":"C","name":"Remove Extra One","type":"PROGRAMMING","points":1500,"rating":1700,"tags":["brute force","data structures","math"]},"author":{"contestId":900,"members":[{"handle":"eric"}],"participantType":"CONTESTANT","ghost":false,"room":7,"startTimeSeconds":1513008300},"programmingLanguage":"C++14 (GCC 6-32)","verdict":"WRONG_ANSWER","testset":"PRETESTS","passedTestCount":5,"timeConsumedMillis":15,"memoryConsumedBytes":3481600},{"id":33131421,"contestId":900,"creationTimeSeconds":1513014018,"relativeTimeSeconds":5718,"problem":{"contestId":900,"index":"C","name":"Remove Extra One","type":"PROGRAMMING","points":1500,"rating":1700,"tags":["brute force","data structures","math"]},"author":{"contestId":900,"members":[{"handle":"eric"}],"participantType":"CONTESTANT","ghost":false,"room":7,"startTimeSeconds":1513008300},"programmingLanguage":"C++14 (GCC 6-32)","verdict":"WRONG_ANSWER","testset":"PRETESTS","passedTestCount":5,"timeConsumedMillis":0,"memoryConsumedBytes":3481600},{"id":33131177,"contestId":900,"creationTimeSeconds":1513013921,"relativeTimeSeconds":5621,"problem":{"contestId":900,"index":"C","name":"Remove Extra One","type":"PROGRAMMING","points":1500,"rating":1700,"tags":["brute force","data structures","math"]},"author":{"contestId":900,"members":[{"handle":"eric"}],"participantType":"CONTESTANT","ghost":false,"room":7,"startTimeSeconds":1513008300},"programmingLanguage":"C++14 (GCC 6-32)","verdict":"WRONG_ANSWER","testset":"PRETESTS","passedTestCount":2,"timeConsumedMillis":15,"memoryConsumedBytes":3481600},{"id":33130729,"contestId":900,"creationTimeSeconds":1513013763,"relativeTimeSeconds":5463,"problem":{"contestId":900,"index":"C","name":"Remove Extra One","type":"PROGRAMMING","points":1500,"rating":1700,"tags":["brute force","data structures","math"]},"author":{"contestId":900,"members":[{"handle":"eric"}],"participantType":"CONTESTANT","ghost":false,"room":7,"startTimeSeconds":1513008300},"programmingLanguage":"C++14 (GCC 6-32)","verdict":"WRONG_ANSWER","testset":"PRETESTS","passedTestCount":5,"timeConsumedMillis":15,"memoryConsumedBytes":3481600},{"id":33129177,"contestId":900,"creationTimeSeconds":1513013181,"relativeTimeSeconds":4881,"problem":{"contestId":900,"index":"C","name":"Remove Extra One","type":"PROGRAMMING","points":1500,"rating":1700,"tags":["brute force","data structures","math"]},"author":{"contestId":900,"members":[{"handle":"eric"}],"participantType":"CONTESTANT","ghost":false,"room":7,"startTimeSeconds":1513008300},"programmingLanguage":"C++14 (GCC 6-32)","verdict":"WRONG_ANSWER","testset":"PRETESTS","passedTestCount":3,"timeConsumedMillis":15,"memoryConsumedBytes":3481600},{"id":33122964,"contestId":900,"creationTimeSeconds":1513011118,"relativeTimeSeconds":2818,"problem":{"contestId":900,"index":"B","name":"Position in Fraction","type":"PROGRAMMING","points":1000,"rating":1300,"tags":["math","number theory"]},"author":{"contestId":900,"members":[{"handle":"eric"}],"participantType":"CONTESTANT","ghost":false,"room":7,"startTimeSeconds":1513008300},"programmingLanguage":"C++14 (GCC 6-32)","verdict":"OK","testset":"TESTS","passedTestCount":33,"timeConsumedMillis":31,"memoryConsumedBytes":4915200},{"id":33116809,"contestId":900,"creationTimeSeconds":1513009490,"relativeTimeSeconds":1190,"problem":{"contestId":900,"index":"A","name":"Find Extra One","type":"PROGRAMMING","points":500,"rating":800,"tags":["geometry","implementation"]},"author":{"contestId":900,"members":[{"handle":"eric"}],"participantType":"CONTESTANT","ghost":false,"room":7,"startTimeSeconds":1513008300},"programmingLanguage":"C++14 (GCC 6-32)","verdict":"OK","testset":"TESTS","passedTestCount":71,"timeConsumedMillis":390,"memoryConsumedBytes":1945600},{"id":32873699,"contestId":897,"creationTimeSeconds":1512229532,"relativeTimeSeconds":6032,"problem":{"contestId":897,"index":"D","name":"Ithea Plays With Chtholly","type":"PROGRAMMING","points":2000,"rating":2000,"tags":["binary search","constructive algorithms","implementation","interactive"]},"author":{"contestId":897,"members":[{"handle":"eric"}],"participantType":"CONTESTANT","ghost":false,"room":119,"startTimeSeconds":1512223500},"programmingLanguage":"C++14 (GCC 6-32)","verdict":"WRONG_ANSWER","testset":"PRETESTS","passedTestCount":0,"timeConsumedMillis":0,"memoryConsumedBytes":1843200},{"id":32860213,"contestId":897,"creationTimeSeconds":1512223641,"relativeTimeSeconds":141,"problem":{"contestId":897,"index":"A","name":"Scarborough Fair","type":"PROGRAMMING","points":500,"rating":800,"tags":["implementation"]},"author":{"contestId":897,"members":[{"handle":"eric"}],"participantType":"CONTESTANT","ghost":false,"room":119,"startTimeSeconds":1512223500},"programmingLanguage":"C++14 (GCC 6-32)","verdict":"OK","testset":"TESTS","passedTestCount":47,"timeConsumedMillis":15,"memoryConsumedBytes":1945600},{"id":32833871,"contestId":677,"creationTimeSeconds":1512142146,"relativeTimeSeconds":2147483647,"problem":{"contestId":677,"index":"D","name":"Vanya and Treasure","type":"PROGRAMMING","points":2250,"rating":2300,"tags":["data structures","dp","graphs","shortest paths"]},"author":{"contestId":677,"members":[{"handle":"eric"}],"participantType":"PRACTICE","ghost":false,"startTimeSeconds":1464798900},"programmingLanguage":"C++14 (GCC 6-32)","verdict":"OK","testset":"TESTS","passedTestCount":86,"timeConsumedMillis":124,"memoryConsumedBytes":6656000},{"id":32833805,"contestId":677,"creationTimeSeconds":1512141979,"relativeTimeSeconds":2147483647,"problem":{"contestId":677,"index":"D","name":"Vanya and Treasure","type":"PROGRAMMING","points":2250,"rating":2300,"tags":["data structures","dp","graphs","shortest paths"]},"author":{"contestId":677,"members":[{"handle":"eric"}],"participantType":"PRACTICE","ghost":false,"startTimeSeconds":1464798900},"programmingLanguage":"C++14 (GCC 6-32)","verdict":"WRONG_ANSWER","testset":"TESTS","passedTestCount":10,"timeConsumedMillis":15,"memoryConsumedBytes":3686400},{"id":32833603,"contestId":677,"creationTimeSeconds":1512141340,"relativeTimeSeconds":7180,"problem":{"contestId":677,"index":"D","name":"Vanya and Treasure","type":"PROGRAMMING","points":2250,"rating":2300,"tags":["data structures","dp","graphs","shortest paths"]},"author":{"contestId":677,"members":[{"handle":"eric"}],"participantType":"VIRTUAL","ghost":false,"startTimeSeconds":1512134160},"programmingLanguage":"C++14 (GCC 6-32)","verdict":"WRONG_ANSWER","testset":"TESTS","passedTestCount":0,"timeConsumedMillis":0,"memoryConsumedBytes":3891200},{"id":32832475,"contestId":677,"creationTimeSeconds":1512138525,"relativeTimeSeconds":4365,"problem":{"contestId":677,"index":"C","name":"Vanya and Label","type":"PROGRAMMING","points":1500,"rating":1500,"tags":["bitmasks","combinatorics","implementation","strings"]},"author":{"contestId":677,"members":[{"handle":"eric"}],"participantType":"VIRTUAL","ghost":false,"startTimeSeconds":1512134160},"programmingLanguage":"C++14 (GCC 6-32)","verdict":"OK","testset":"TESTS","passedTestCount":46,"timeConsumedMillis":15,"memoryConsumedBytes":2150400},{"id":32831774,"contestId":677,"creationTimeSeconds":1512136885,"relativeTimeSeconds":2725,"problem":{"contestId":677,"index":"B","name":"Vanya and Food Processor","type":"PROGRAMMING","points":1000,"rating":1400,"tags":["implementation","math"]},"author":{"contestId":677,"members":[{"handle":"eric"}],"participantType":"VIRTUAL","ghost":false,"startTimeSeconds":1512134160},"programmingLanguage":"C++14 (GCC 6-32)","verdict":"OK","testset":"TESTS","passedTestCount":53,"timeConsumedMillis":31,"memoryConsumedBytes":2252800},{"id":32830777,"contestId":677,"creationTimeSeconds":1512134395,"relativeTimeSeconds":235,"problem":{"contestId":677,"index":"A","name":"Vanya and Fence","type":"PROGRAMMING","points":500,"rating":800,"tags":["implementation"]},"author":{"contestId":677,"members":[{"handle":"eric"}],"participantType":"VIRTUAL","ghost":false,"startTimeSeconds":1512134160},"programmingLanguage":"C++14 (GCC 6-32)","verdict":"OK","testset":"TESTS","passedTestCount":29,"timeConsumedMillis":15,"memoryConsumedBytes":1945600},{"id":32830539,"contestId":101021,"creationTimeSeconds":1512133740,"relativeTimeSeconds":2147483647,"problem":{"contestId":101021,"index":"1","name":"Guess the Number","type":"PROGRAMMING","tags":[]},"author":{"contestId":101021,"members":[{"handle":"eric"}],"participantType":"PRACTICE","ghost":false},"programmingLanguage":"C++14 (GCC 6-32)","verdict":"WRONG_ANSWER","testset":"TESTS","passedTestCount":0,"timeConsumedMillis":0,"memoryConsumedBytes":1843200},{"id":32830441,"contestId":101021,"creationTimeSeconds":1512133549,"relativeTimeSeconds":2147483647,"problem":{"contestId":101021,"index":"1","name":"Guess the Number","type":"PROGRAMMING","tags":[]},"author":{"contestId":101021,"members":[{"handle":"eric"}],"participantType":"PRACTICE","ghost":false},"programmingLanguage":"C++14 (GCC 6-32)","verdict":"OK","testset":"TESTS","passedTestCount":38,"timeConsumedMillis":15,"memoryConsumedBytes":1945600},{"id":32806906,"contestId":789,"creationTimeSeconds":1512049234,"relativeTimeSeconds":513,"problem":{"contestId":789,"index":"A","name":"Anastasia and pebbles","type":"PROGRAMMING","points":500,"rating":1100,"tags":["implementation","math"]},"author":{"contestId":789,"members":[{"handle":"eric"}],"participantType":"VIRTUAL","ghost":false,"startTimeSeconds":1512048720},"programmingLanguage":"C++14 (GCC 6-32)","verdict":"OK","testset":"TESTS","passedTestCount":31,"timeConsumedMillis":46,"memoryConsumedBytes":1945600},{"id":32783798,"contestId":607,"creationTimeSeconds":1511967237,"relativeTimeSeconds":2147483647,"problem":{"contestId":607,"index":"B","name":"Zuma","type":"PROGRAMMING","points":1250,"rating":1900,"tags":["dp"]},"author":{"contestId":607,"members":[{"handle":"eric"}],"participantType":"PRACTICE","ghost":false,"startTimeSeconds":1450888500},"programmingLanguage":"C++14 (GCC 6-32)","verdict":"OK","testset":"TESTS","passedTestCount":103,"timeConsumedMillis":156,"memoryConsumedBytes":2969600},{"id":32764409,"contestId":607,"creationTimeSeconds":1511925152,"relativeTimeSeconds":2147483647,"problem":{"contestId":607,"index":"A","name":"Chain Reaction","type":"PROGRAMMING","points":500,"rating":1600,"tags":["binary search","dp"]},"author":{"contestId":607,"members":[{"handle":"eric"}],"participantType":"PRACTICE","ghost":false,"startTimeSeconds":1450888500},"programmingLanguage":"C++14 (GCC 6-32)","verdict":"OK","testset":"TESTS","passedTestCount":41,"timeConsumedMillis":62,"memoryConsumedBytes":6963200},{"id":32708702,"contestId":607,"creationTimeSeconds":1511770661,"relativeTimeSeconds":2147483647,"problem":{"contestId":607,"index":"A","name":"Chain Reaction","type":"PROGRAMMING","points":500,"rating":1600,"tags":["binary search","dp"]},"author":{"contestId":607,"members":[{"handle":"eric"}],"participantType":"PRACTICE","ghost":false,"startTimeSeconds":1450888500},"programmingLanguage":"C++14 (GCC 6-32)","verdict":"WRONG_ANSWER","testset":"TESTS","passedTestCount":6,"timeConsumedMillis":61,"memoryConsumedBytes":4710400},{"id":32708677,"contestId":607,"creationTimeSeconds":1511770612,"relativeTimeSeconds":2147483647,"problem":{"contestId":607,"index":"A","name":"Chain Reaction","type":"PROGRAMMING","points":500,"rating":1600,"tags":["binary search","dp"]},"author":{"contestId":607,"members":[{"handle":"eric"}],"participantType":"PRACTICE","ghost":false,"startTimeSeconds":1450888500},"programmingLanguage":"GNU C++17 Diagnostics","verdict":"TIME_LIMIT_EXCEEDED","testset":"TESTS","passedTestCount":5,"timeConsumedMillis":2000,"memoryConsumedBytes":103731200},{"id":32708639,"contestId":607,"creationTimeSeconds":1511770525,"relativeTimeSeconds":2147483647,"problem":{"contestId":607,"index":"A","name":"Chain Reaction","type":"PROGRAMMING","points":500,"rating":1600,"tags":["binary search","dp"]},"author":{"contestId":607,"members":[{"handle":"eric"}],"participantType":"PRACTICE","ghost":false,"startTimeSeconds":1450888500},"programmingLanguage":"GNU C++17 Diagnostics","verdict":"TIME_LIMIT_EXCEEDED","testset":"TESTS","passedTestCount":5,"timeConsumedMillis":2000,"memoryConsumedBytes":103936000},{"id":32708626,"contestId":607,"creationTimeSeconds":1511770496,"relativeTimeSeconds":2147483647,"problem":{"contestId":607,"index":"A","name":"Chain Reaction","type":"PROGRAMMING","points":500,"rating":1600,"tags":["binary search","dp"]},"author":{"contestId":607,"members":[{"handle":"eric"}],"participantType":"PRACTICE","ghost":false,"startTimeSeconds":1450888500},"programmingLanguage":"GNU C","verdict":"COMPILATION_ERROR","testset":"TESTS","passedTestCount":0,"timeConsumedMillis":0,"memoryConsumedBytes":0}]}